Not all input has been taken into account at your final specification.
Executing (default): SELECT 1+1 AS result
[server] database connection established
Executing (default): SELECT TABLE_NAME FROM INFORMATION_SCHEMA.TABLES WHERE TABLE_TYPE = 'BASE TABLE' AND TABLE_NAME = 'admins' AND TABLE_SCHEMA = 'sawaba_groom'
Executing (default): SHOW INDEX FROM `admins`
Executing (default): SELECT TABLE_NAME FROM INFORMATION_SCHEMA.TABLES WHERE TABLE_TYPE = 'BASE TABLE' AND TABLE_NAME = 'customers' AND TABLE_SCHEMA = 'sawaba_groom'
Executing (default): SHOW INDEX FROM `customers`
Executing (default): SELECT TABLE_NAME FROM INFORMATION_SCHEMA.TABLES WHERE TABLE_TYPE = 'BASE TABLE' AND TABLE_NAME = 'customer_otps' AND TABLE_SCHEMA = 'sawaba_groom'
Executing (default): SHOW INDEX FROM `customer_otps`
Executing (default): SELECT TABLE_NAME FROM INFORMATION_SCHEMA.TABLES WHERE TABLE_TYPE = 'BASE TABLE' AND TABLE_NAME = 'services' AND TABLE_SCHEMA = 'sawaba_groom'
Executing (default): SHOW INDEX FROM `services`
Executing (default): SELECT TABLE_NAME FROM INFORMATION_SCHEMA.TABLES WHERE TABLE_TYPE = 'BASE TABLE' AND TABLE_NAME = 'barbers' AND TABLE_SCHEMA = 'sawaba_groom'
Executing (default): SHOW INDEX FROM `barbers`
Executing (default): SELECT TABLE_NAME FROM INFORMATION_SCHEMA.TABLES WHERE TABLE_TYPE = 'BASE TABLE' AND TABLE_NAME = 'barber_services' AND TABLE_SCHEMA = 'sawaba_groom'
Executing (default): SHOW INDEX FROM `barber_services`
Executing (default): SELECT TABLE_NAME FROM INFORMATION_SCHEMA.TABLES WHERE TABLE_TYPE = 'BASE TABLE' AND TABLE_NAME = 'appointments' AND TABLE_SCHEMA = 'sawaba_groom'
Executing (default): SHOW INDEX FROM `appointments`
Executing (default): SELECT TABLE_NAME FROM INFORMATION_SCHEMA.TABLES WHERE TABLE_TYPE = 'BASE TABLE' AND TABLE_NAME = 'barber_availability' AND TABLE_SCHEMA = 'sawaba_groom'
Executing (default): SHOW INDEX FROM `barber_availability`
Executing (default): SELECT TABLE_NAME FROM INFORMATION_SCHEMA.TABLES WHERE TABLE_TYPE = 'BASE TABLE' AND TABLE_NAME = 'gallery' AND TABLE_SCHEMA = 'sawaba_groom'
Executing (default): SHOW INDEX FROM `gallery`
Executing (default): SELECT TABLE_NAME FROM INFORMATION_SCHEMA.TABLES WHERE TABLE_TYPE = 'BASE TABLE' AND TABLE_NAME = 'reviews' AND TABLE_SCHEMA = 'sawaba_groom'
Executing (default): SHOW INDEX FROM `reviews`
Executing (default): SELECT TABLE_NAME FROM INFORMATION_SCHEMA.TABLES WHERE TABLE_TYPE = 'BASE TABLE' AND TABLE_NAME = 'contact_messages' AND TABLE_SCHEMA = 'sawaba_groom'
Executing (default): SHOW INDEX FROM `contact_messages`
Executing (default): SELECT TABLE_NAME FROM INFORMATION_SCHEMA.TABLES WHERE TABLE_TYPE = 'BASE TABLE' AND TABLE_NAME = 'contact_replies' AND TABLE_SCHEMA = 'sawaba_groom'
Executing (default): SHOW INDEX FROM `contact_replies`
Executing (default): SELECT TABLE_NAME FROM INFORMATION_SCHEMA.TABLES WHERE TABLE_TYPE = 'BASE TABLE' AND TABLE_NAME = 'payments' AND TABLE_SCHEMA = 'sawaba_groom'
Executing (default): SHOW INDEX FROM `payments`
Executing (default): SELECT TABLE_NAME FROM INFORMATION_SCHEMA.TABLES WHERE TABLE_TYPE = 'BASE TABLE' AND TABLE_NAME = 'payment_settings' AND TABLE_SCHEMA = 'sawaba_groom'
Executing (default): SHOW INDEX FROM `payment_settings`
[server] models synchronized
[server] running on http://localhost:5000
[server] swagger docs: http://localhost:5000/api/docs
[0mGET /health [32m200[0m 5.294 ms - 54[0m
Executing (default): SELECT `id`, `name`, `email`, `password`, `role`, `is_active` AS `isActive`, `created_at` AS `createdAt`, `updated_at` AS `updatedAt` FROM `admins` AS `Admin` WHERE `Admin`.`email` = 'admin@sawabasalon.com';
[0mPOST /api/auth/login [32m200[0m 511.270 ms - 477[0m
Executing (default): SELECT `id`, `name`, `email`, `password`, `role`, `is_active` AS `isActive`, `created_at` AS `createdAt`, `updated_at` AS `updatedAt` FROM `admins` AS `Admin` WHERE `Admin`.`email` = 'admin@sawabasalon.com';
[0mPOST /api/auth/login [32m200[0m 430.037 ms - 477[0m
Executing (default): SELECT count(DISTINCT(`Barber`.`id`)) AS `count` FROM `barbers` AS `Barber` LEFT OUTER JOIN ( `barber_services` AS `services->BarberService` INNER JOIN `services` AS `services` ON `services`.`id` = `services->BarberService`.`service_id`) ON `Barber`.`id` = `services->BarberService`.`barber_id`;
Executing (default): SELECT `Barber`.*, `services`.`id` AS `services.id`, `services`.`name` AS `services.name`, `services`.`slug` AS `services.slug`, `services`.`description` AS `services.description`, `services`.`price` AS `services.price`, `services`.`duration` AS `services.duration`, `services`.`image` AS `services.image`, `services`.`category` AS `services.category`, `services`.`is_active` AS `services.isActive`, `services`.`created_at` AS `services.createdAt`, `services`.`updated_at` AS `services.updatedAt` FROM (SELECT `Barber`.`id`, `Barber`.`name`, `Barber`.`slug`, `Barber`.`image`, `Barber`.`phone`, `Barber`.`email`, `Barber`.`specialty`, `Barber`.`biography`, `Barber`.`experience`, `Barber`.`rating`, `Barber`.`is_active` AS `isActive`, `Barber`.`created_at` AS `createdAt`, `Barber`.`updated_at` AS `updatedAt` FROM `barbers` AS `Barber` ORDER BY `Barber`.`name` ASC LIMIT 0, 100) AS `Barber` LEFT OUTER JOIN ( `barber_services` AS `services->BarberService` INNER JOIN `services` AS `services` ON `services`.`id` = `services->BarberService`.`service_id`) ON `Barber`.`id` = `services->BarberService`.`barber_id` ORDER BY `Barber`.`name` ASC;
Executing (default): SELECT `barber_id` AS `barberId`, COUNT(`Appointment`.`id`) AS `count` FROM `appointments` AS `Appointment` GROUP BY `barberId`;
[0mGET /api/barbers?includeInactive=true&perPage=100 [32m200[0m 65.465 ms - 933[0m
Executing (default): SELECT `id`, `name`, `email`, `password`, `role`, `is_active` AS `isActive`, `created_at` AS `createdAt`, `updated_at` AS `updatedAt` FROM `admins` AS `Admin` WHERE `Admin`.`email` = 'admin@sawabasalon.com';
[0mPOST /api/auth/login [32m200[0m 423.533 ms - 477[0m
Executing (default): SELECT count(DISTINCT(`Barber`.`id`)) AS `count` FROM `barbers` AS `Barber` LEFT OUTER JOIN ( `barber_services` AS `services->BarberService` INNER JOIN `services` AS `services` ON `services`.`id` = `services->BarberService`.`service_id`) ON `Barber`.`id` = `services->BarberService`.`barber_id`;
Executing (default): SELECT `Barber`.*, `services`.`id` AS `services.id`, `services`.`name` AS `services.name`, `services`.`slug` AS `services.slug`, `services`.`description` AS `services.description`, `services`.`price` AS `services.price`, `services`.`duration` AS `services.duration`, `services`.`image` AS `services.image`, `services`.`category` AS `services.category`, `services`.`is_active` AS `services.isActive`, `services`.`created_at` AS `services.createdAt`, `services`.`updated_at` AS `services.updatedAt` FROM (SELECT `Barber`.`id`, `Barber`.`name`, `Barber`.`slug`, `Barber`.`image`, `Barber`.`phone`, `Barber`.`email`, `Barber`.`specialty`, `Barber`.`biography`, `Barber`.`experience`, `Barber`.`rating`, `Barber`.`is_active` AS `isActive`, `Barber`.`created_at` AS `createdAt`, `Barber`.`updated_at` AS `updatedAt` FROM `barbers` AS `Barber` ORDER BY `Barber`.`name` ASC LIMIT 0, 100) AS `Barber` LEFT OUTER JOIN ( `barber_services` AS `services->BarberService` INNER JOIN `services` AS `services` ON `services`.`id` = `services->BarberService`.`service_id`) ON `Barber`.`id` = `services->BarberService`.`barber_id` ORDER BY `Barber`.`name` ASC;
Executing (default): SELECT `barber_id` AS `barberId`, COUNT(`Appointment`.`id`) AS `count` FROM `appointments` AS `Appointment` GROUP BY `barberId`;
[0mGET /api/barbers?includeInactive=true&perPage=100 [32m200[0m 58.921 ms - 933[0m
Executing (default): SELECT `id`, `name`, `email`, `password`, `role`, `is_active` AS `isActive`, `created_at` AS `createdAt`, `updated_at` AS `updatedAt` FROM `admins` AS `Admin` WHERE `Admin`.`email` = 'admin@sawabasalon.com';
[0mPOST /api/auth/login [32m200[0m 428.567 ms - 477[0m
Executing (default): SELECT `id`, `name`, `email`, `password`, `role`, `is_active` AS `isActive`, `created_at` AS `createdAt`, `updated_at` AS `updatedAt` FROM `admins` AS `Admin` WHERE `Admin`.`id` = 1;
Executing (default): SELECT `id`, `name`, `slug`, `image`, `phone`, `email`, `specialty`, `biography`, `experience`, `rating`, `is_active` AS `isActive`, `created_at` AS `createdAt`, `updated_at` AS `updatedAt` FROM `barbers` AS `Barber` WHERE `Barber`.`slug` = 'zz-delete-probe';
Executing (default): INSERT INTO `barbers` (`id`,`name`,`slug`,`image`,`specialty`,`experience`,`rating`,`is_active`,`created_at`,`updated_at`) VALUES (DEFAULT,?,?,?,?,?,?,?,?,?);
Executing (default): SELECT `Barber`.`id`, `Barber`.`name`, `Barber`.`slug`, `Barber`.`image`, `Barber`.`phone`, `Barber`.`email`, `Barber`.`specialty`, `Barber`.`biography`, `Barber`.`experience`, `Barber`.`rating`, `Barber`.`is_active` AS `isActive`, `Barber`.`created_at` AS `createdAt`, `Barber`.`updated_at` AS `updatedAt`, `services`.`id` AS `services.id`, `services`.`name` AS `services.name`, `services`.`slug` AS `services.slug`, `services`.`description` AS `services.description`, `services`.`price` AS `services.price`, `services`.`duration` AS `services.duration`, `services`.`image` AS `services.image`, `services`.`category` AS `services.category`, `services`.`is_active` AS `services.isActive`, `services`.`created_at` AS `services.createdAt`, `services`.`updated_at` AS `services.updatedAt` FROM `barbers` AS `Barber` LEFT OUTER JOIN ( `barber_services` AS `services->BarberService` INNER JOIN `services` AS `services` ON `services`.`id` = `services->BarberService`.`service_id`) ON `Barber`.`id` = `services->BarberService`.`barber_id` WHERE `Barber`.`id` = 2;
[0mPOST /api/barbers [32m201[0m 36.905 ms - 333[0m
Executing (default): SELECT `id`, `name`, `email`, `password`, `role`, `is_active` AS `isActive`, `created_at` AS `createdAt`, `updated_at` AS `updatedAt` FROM `admins` AS `Admin` WHERE `Admin`.`email` = 'admin@sawabasalon.com';
[0mPOST /api/auth/login [32m200[0m 427.252 ms - 477[0m
Executing (default): SELECT `id`, `name`, `email`, `password`, `role`, `is_active` AS `isActive`, `created_at` AS `createdAt`, `updated_at` AS `updatedAt` FROM `admins` AS `Admin` WHERE `Admin`.`id` = 1;
Executing (default): SELECT `Barber`.`id`, `Barber`.`name`, `Barber`.`slug`, `Barber`.`image`, `Barber`.`phone`, `Barber`.`email`, `Barber`.`specialty`, `Barber`.`biography`, `Barber`.`experience`, `Barber`.`rating`, `Barber`.`is_active` AS `isActive`, `Barber`.`created_at` AS `createdAt`, `Barber`.`updated_at` AS `updatedAt`, `services`.`id` AS `services.id`, `services`.`name` AS `services.name`, `services`.`slug` AS `services.slug`, `services`.`description` AS `services.description`, `services`.`price` AS `services.price`, `services`.`duration` AS `services.duration`, `services`.`image` AS `services.image`, `services`.`category` AS `services.category`, `services`.`is_active` AS `services.isActive`, `services`.`created_at` AS `services.createdAt`, `services`.`updated_at` AS `services.updatedAt` FROM `barbers` AS `Barber` LEFT OUTER JOIN ( `barber_services` AS `services->BarberService` INNER JOIN `services` AS `services` ON `services`.`id` = `services->BarberService`.`service_id`) ON `Barber`.`id` = `services->BarberService`.`barber_id` WHERE `Barber`.`id` = 2;
Executing (default): SELECT count(*) AS `count` FROM `appointments` AS `Appointment` WHERE `Appointment`.`barber_id` = 2;
Executing (default): UPDATE `barbers` SET `is_active`=?,`updated_at`=? WHERE `id` = ?
[0mDELETE /api/barbers/2 [32m200[0m 21.354 ms - 297[0m
Executing (default): SELECT `id`, `name`, `email`, `password`, `role`, `is_active` AS `isActive`, `created_at` AS `createdAt`, `updated_at` AS `updatedAt` FROM `admins` AS `Admin` WHERE `Admin`.`id` = 1;
Executing (default): SELECT `Barber`.`id`, `Barber`.`name`, `Barber`.`slug`, `Barber`.`image`, `Barber`.`phone`, `Barber`.`email`, `Barber`.`specialty`, `Barber`.`biography`, `Barber`.`experience`, `Barber`.`rating`, `Barber`.`is_active` AS `isActive`, `Barber`.`created_at` AS `createdAt`, `Barber`.`updated_at` AS `updatedAt`, `services`.`id` AS `services.id`, `services`.`name` AS `services.name`, `services`.`slug` AS `services.slug`, `services`.`description` AS `services.description`, `services`.`price` AS `services.price`, `services`.`duration` AS `services.duration`, `services`.`image` AS `services.image`, `services`.`category` AS `services.category`, `services`.`is_active` AS `services.isActive`, `services`.`created_at` AS `services.createdAt`, `services`.`updated_at` AS `services.updatedAt` FROM `barbers` AS `Barber` LEFT OUTER JOIN ( `barber_services` AS `services->BarberService` INNER JOIN `services` AS `services` ON `services`.`id` = `services->BarberService`.`service_id`) ON `Barber`.`id` = `services->BarberService`.`barber_id` WHERE `Barber`.`id` = 2;
Executing (default): SELECT count(*) AS `count` FROM `appointments` AS `Appointment` WHERE `Appointment`.`barber_id` = 2;
Executing (default): SELECT `id`, `name`, `slug`, `image`, `phone`, `email`, `specialty`, `biography`, `experience`, `rating`, `is_active` AS `isActive`, `created_at` AS `createdAt`, `updated_at` AS `updatedAt` FROM `barbers` AS `Barber` WHERE `Barber`.`id` = 2;
Executing (default): DELETE FROM `barber_services` WHERE `barber_id` = 2
Executing (default): DELETE FROM `barber_availability` WHERE `barber_id` = 2
Executing (default): DELETE FROM `barbers` WHERE `id` = 2
[0mDELETE /api/barbers/2 [32m200[0m 16.098 ms - 86[0m
Executing (default): SELECT count(*) AS `count` FROM `reviews` AS `Review` WHERE `Review`.`status` = 'APPROVED';
Executing (default): SELECT `id`, `customer_name` AS `customerName`, `customer_phone` AS `customerPhone`, `customer_email` AS `customerEmail`, `customer_image` AS `customerImage`, `service_id` AS `serviceId`, `service_name` AS `serviceName`, `rating`, `comment`, `status`, `is_approved` AS `isApproved`, `created_at` AS `createdAt`, `updated_at` AS `updatedAt` FROM `reviews` AS `Review` WHERE `Review`.`status` = 'APPROVED' ORDER BY `createdAt` DESC LIMIT 0, 100;
Executing (default): SELECT count(`Gallery`.`id`) AS `count` FROM `gallery` AS `Gallery` LEFT OUTER JOIN `barbers` AS `barber` ON `Gallery`.`barber_id` = `barber`.`id`;
Executing (default): SELECT `Gallery`.`id`, `Gallery`.`title`, `Gallery`.`image`, `Gallery`.`category`, `Gallery`.`barber_id` AS `barberId`, `Gallery`.`created_at` AS `createdAt`, `Gallery`.`updated_at` AS `updatedAt`, `barber`.`id` AS `barber.id`, `barber`.`name` AS `barber.name` FROM `gallery` AS `Gallery` LEFT OUTER JOIN `barbers` AS `barber` ON `Gallery`.`barber_id` = `barber`.`id` ORDER BY `createdAt` DESC LIMIT 0, 100;
Executing (default): SELECT `id`, `full_name` AS `fullName`, `phone`, `email`, `customer_code` AS `customerCode`, `password_hash` AS `passwordHash`, `preferred_barber_id` AS `preferredBarberId`, `favorite_service_id` AS `favoriteServiceId`, `avatar_url` AS `avatarUrl`, `reminder_opt_in` AS `reminderOptIn`, `is_active` AS `isActive`, `last_login_at` AS `lastLoginAt`, `created_at` AS `createdAt`, `updated_at` AS `updatedAt` FROM `customers` AS `Customer` WHERE `Customer`.`id` = 1;
[0mGET /api/reviews?approved=true&page=1&perPage=100 [36m304[0m 28.330 ms - -[0m
[0mGET /api/gallery?page=1&perPage=100 [36m304[0m 32.051 ms - -[0m
[0mGET /api/account/me [36m304[0m 29.310 ms - -[0m
Executing (default): SELECT count(*) AS `count` FROM `reviews` AS `Review` WHERE `Review`.`status` = 'APPROVED';
Executing (default): SELECT `id`, `customer_name` AS `customerName`, `customer_phone` AS `customerPhone`, `customer_email` AS `customerEmail`, `customer_image` AS `customerImage`, `service_id` AS `serviceId`, `service_name` AS `serviceName`, `rating`, `comment`, `status`, `is_approved` AS `isApproved`, `created_at` AS `createdAt`, `updated_at` AS `updatedAt` FROM `reviews` AS `Review` WHERE `Review`.`status` = 'APPROVED' ORDER BY `createdAt` DESC LIMIT 0, 100;
Executing (default): SELECT count(`Gallery`.`id`) AS `count` FROM `gallery` AS `Gallery` LEFT OUTER JOIN `barbers` AS `barber` ON `Gallery`.`barber_id` = `barber`.`id`;
Executing (default): SELECT `Gallery`.`id`, `Gallery`.`title`, `Gallery`.`image`, `Gallery`.`category`, `Gallery`.`barber_id` AS `barberId`, `Gallery`.`created_at` AS `createdAt`, `Gallery`.`updated_at` AS `updatedAt`, `barber`.`id` AS `barber.id`, `barber`.`name` AS `barber.name` FROM `gallery` AS `Gallery` LEFT OUTER JOIN `barbers` AS `barber` ON `Gallery`.`barber_id` = `barber`.`id` ORDER BY `createdAt` DESC LIMIT 0, 100;
[0mGET /api/reviews?approved=true&page=1&perPage=100 [36m304[0m 8.050 ms - -[0m
Executing (default): SELECT `id`, `full_name` AS `fullName`, `phone`, `email`, `customer_code` AS `customerCode`, `password_hash` AS `passwordHash`, `preferred_barber_id` AS `preferredBarberId`, `favorite_service_id` AS `favoriteServiceId`, `avatar_url` AS `avatarUrl`, `reminder_opt_in` AS `reminderOptIn`, `is_active` AS `isActive`, `last_login_at` AS `lastLoginAt`, `created_at` AS `createdAt`, `updated_at` AS `updatedAt` FROM `customers` AS `Customer` WHERE `Customer`.`id` = 1;
[0mGET /api/gallery?page=1&perPage=100 [36m304[0m 9.228 ms - -[0m
[0mGET /api/account/me [36m304[0m 4.637 ms - -[0m
Executing (default): SELECT count(`Gallery`.`id`) AS `count` FROM `gallery` AS `Gallery` LEFT OUTER JOIN `barbers` AS `barber` ON `Gallery`.`barber_id` = `barber`.`id`;
Executing (default): SELECT `Gallery`.`id`, `Gallery`.`title`, `Gallery`.`image`, `Gallery`.`category`, `Gallery`.`barber_id` AS `barberId`, `Gallery`.`created_at` AS `createdAt`, `Gallery`.`updated_at` AS `updatedAt`, `barber`.`id` AS `barber.id`, `barber`.`name` AS `barber.name` FROM `gallery` AS `Gallery` LEFT OUTER JOIN `barbers` AS `barber` ON `Gallery`.`barber_id` = `barber`.`id` ORDER BY `createdAt` DESC LIMIT 0, 100;
Executing (default): SELECT count(*) AS `count` FROM `reviews` AS `Review` WHERE `Review`.`status` = 'APPROVED';
Executing (default): SELECT `id`, `customer_name` AS `customerName`, `customer_phone` AS `customerPhone`, `customer_email` AS `customerEmail`, `customer_image` AS `customerImage`, `service_id` AS `serviceId`, `service_name` AS `serviceName`, `rating`, `comment`, `status`, `is_approved` AS `isApproved`, `created_at` AS `createdAt`, `updated_at` AS `updatedAt` FROM `reviews` AS `Review` WHERE `Review`.`status` = 'APPROVED' ORDER BY `createdAt` DESC LIMIT 0, 100;
Executing (default): SELECT `id`, `full_name` AS `fullName`, `phone`, `email`, `customer_code` AS `customerCode`, `password_hash` AS `passwordHash`, `preferred_barber_id` AS `preferredBarberId`, `favorite_service_id` AS `favoriteServiceId`, `avatar_url` AS `avatarUrl`, `reminder_opt_in` AS `reminderOptIn`, `is_active` AS `isActive`, `last_login_at` AS `lastLoginAt`, `created_at` AS `createdAt`, `updated_at` AS `updatedAt` FROM `customers` AS `Customer` WHERE `Customer`.`id` = 1;
[0mGET /api/gallery?page=1&perPage=100 [36m304[0m 26.609 ms - -[0m
[0mGET /api/reviews?approved=true&page=1&perPage=100 [36m304[0m 23.782 ms - -[0m
[0mGET /api/account/me [36m304[0m 18.976 ms - -[0m
Executing (default): SELECT count(`Gallery`.`id`) AS `count` FROM `gallery` AS `Gallery` LEFT OUTER JOIN `barbers` AS `barber` ON `Gallery`.`barber_id` = `barber`.`id`;
Executing (default): SELECT `Gallery`.`id`, `Gallery`.`title`, `Gallery`.`image`, `Gallery`.`category`, `Gallery`.`barber_id` AS `barberId`, `Gallery`.`created_at` AS `createdAt`, `Gallery`.`updated_at` AS `updatedAt`, `barber`.`id` AS `barber.id`, `barber`.`name` AS `barber.name` FROM `gallery` AS `Gallery` LEFT OUTER JOIN `barbers` AS `barber` ON `Gallery`.`barber_id` = `barber`.`id` ORDER BY `createdAt` DESC LIMIT 0, 100;
Executing (default): SELECT count(*) AS `count` FROM `reviews` AS `Review` WHERE `Review`.`status` = 'APPROVED';
Executing (default): SELECT `id`, `customer_name` AS `customerName`, `customer_phone` AS `customerPhone`, `customer_email` AS `customerEmail`, `customer_image` AS `customerImage`, `service_id` AS `serviceId`, `service_name` AS `serviceName`, `rating`, `comment`, `status`, `is_approved` AS `isApproved`, `created_at` AS `createdAt`, `updated_at` AS `updatedAt` FROM `reviews` AS `Review` WHERE `Review`.`status` = 'APPROVED' ORDER BY `createdAt` DESC LIMIT 0, 100;
Executing (default): SELECT `id`, `full_name` AS `fullName`, `phone`, `email`, `customer_code` AS `customerCode`, `password_hash` AS `passwordHash`, `preferred_barber_id` AS `preferredBarberId`, `favorite_service_id` AS `favoriteServiceId`, `avatar_url` AS `avatarUrl`, `reminder_opt_in` AS `reminderOptIn`, `is_active` AS `isActive`, `last_login_at` AS `lastLoginAt`, `created_at` AS `createdAt`, `updated_at` AS `updatedAt` FROM `customers` AS `Customer` WHERE `Customer`.`id` = 1;
[0mGET /api/gallery?page=1&perPage=100 [36m304[0m 9.864 ms - -[0m
[0mGET /api/reviews?approved=true&page=1&perPage=100 [36m304[0m 6.404 ms - -[0m
[0mGET /api/account/me [36m304[0m 4.985 ms - -[0m
Executing (default): SELECT count(`Gallery`.`id`) AS `count` FROM `gallery` AS `Gallery` LEFT OUTER JOIN `barbers` AS `barber` ON `Gallery`.`barber_id` = `barber`.`id`;
Executing (default): SELECT `Gallery`.`id`, `Gallery`.`title`, `Gallery`.`image`, `Gallery`.`category`, `Gallery`.`barber_id` AS `barberId`, `Gallery`.`created_at` AS `createdAt`, `Gallery`.`updated_at` AS `updatedAt`, `barber`.`id` AS `barber.id`, `barber`.`name` AS `barber.name` FROM `gallery` AS `Gallery` LEFT OUTER JOIN `barbers` AS `barber` ON `Gallery`.`barber_id` = `barber`.`id` ORDER BY `createdAt` DESC LIMIT 0, 100;
Executing (default): SELECT count(*) AS `count` FROM `reviews` AS `Review` WHERE `Review`.`status` = 'APPROVED';
Executing (default): SELECT `id`, `customer_name` AS `customerName`, `customer_phone` AS `customerPhone`, `customer_email` AS `customerEmail`, `customer_image` AS `customerImage`, `service_id` AS `serviceId`, `service_name` AS `serviceName`, `rating`, `comment`, `status`, `is_approved` AS `isApproved`, `created_at` AS `createdAt`, `updated_at` AS `updatedAt` FROM `reviews` AS `Review` WHERE `Review`.`status` = 'APPROVED' ORDER BY `createdAt` DESC LIMIT 0, 100;
Executing (default): SELECT `id`, `full_name` AS `fullName`, `phone`, `email`, `customer_code` AS `customerCode`, `password_hash` AS `passwordHash`, `preferred_barber_id` AS `preferredBarberId`, `favorite_service_id` AS `favoriteServiceId`, `avatar_url` AS `avatarUrl`, `reminder_opt_in` AS `reminderOptIn`, `is_active` AS `isActive`, `last_login_at` AS `lastLoginAt`, `created_at` AS `createdAt`, `updated_at` AS `updatedAt` FROM `customers` AS `Customer` WHERE `Customer`.`id` = 1;
[0mGET /api/gallery?page=1&perPage=100 [36m304[0m 21.194 ms - -[0m
[0mGET /api/reviews?approved=true&page=1&perPage=100 [36m304[0m 17.306 ms - -[0m
[0mGET /api/account/me [36m304[0m 15.713 ms - -[0m
Executing (default): SELECT count(`Gallery`.`id`) AS `count` FROM `gallery` AS `Gallery` LEFT OUTER JOIN `barbers` AS `barber` ON `Gallery`.`barber_id` = `barber`.`id`;
Executing (default): SELECT `Gallery`.`id`, `Gallery`.`title`, `Gallery`.`image`, `Gallery`.`category`, `Gallery`.`barber_id` AS `barberId`, `Gallery`.`created_at` AS `createdAt`, `Gallery`.`updated_at` AS `updatedAt`, `barber`.`id` AS `barber.id`, `barber`.`name` AS `barber.name` FROM `gallery` AS `Gallery` LEFT OUTER JOIN `barbers` AS `barber` ON `Gallery`.`barber_id` = `barber`.`id` ORDER BY `createdAt` DESC LIMIT 0, 100;
[0mGET /api/gallery?page=1&perPage=100 [36m304[0m 4.609 ms - -[0m
Executing (default): SELECT count(*) AS `count` FROM `reviews` AS `Review` WHERE `Review`.`status` = 'APPROVED';
Executing (default): SELECT `id`, `customer_name` AS `customerName`, `customer_phone` AS `customerPhone`, `customer_email` AS `customerEmail`, `customer_image` AS `customerImage`, `service_id` AS `serviceId`, `service_name` AS `serviceName`, `rating`, `comment`, `status`, `is_approved` AS `isApproved`, `created_at` AS `createdAt`, `updated_at` AS `updatedAt` FROM `reviews` AS `Review` WHERE `Review`.`status` = 'APPROVED' ORDER BY `createdAt` DESC LIMIT 0, 100;
Executing (default): SELECT `id`, `full_name` AS `fullName`, `phone`, `email`, `customer_code` AS `customerCode`, `password_hash` AS `passwordHash`, `preferred_barber_id` AS `preferredBarberId`, `favorite_service_id` AS `favoriteServiceId`, `avatar_url` AS `avatarUrl`, `reminder_opt_in` AS `reminderOptIn`, `is_active` AS `isActive`, `last_login_at` AS `lastLoginAt`, `created_at` AS `createdAt`, `updated_at` AS `updatedAt` FROM `customers` AS `Customer` WHERE `Customer`.`id` = 1;
[0mGET /api/reviews?approved=true&page=1&perPage=100 [36m304[0m 7.204 ms - -[0m
[0mGET /api/account/me [36m304[0m 5.490 ms - -[0m
Executing (default): SELECT count(`Gallery`.`id`) AS `count` FROM `gallery` AS `Gallery` LEFT OUTER JOIN `barbers` AS `barber` ON `Gallery`.`barber_id` = `barber`.`id`;
Executing (default): SELECT `Gallery`.`id`, `Gallery`.`title`, `Gallery`.`image`, `Gallery`.`category`, `Gallery`.`barber_id` AS `barberId`, `Gallery`.`created_at` AS `createdAt`, `Gallery`.`updated_at` AS `updatedAt`, `barber`.`id` AS `barber.id`, `barber`.`name` AS `barber.name` FROM `gallery` AS `Gallery` LEFT OUTER JOIN `barbers` AS `barber` ON `Gallery`.`barber_id` = `barber`.`id` ORDER BY `createdAt` DESC LIMIT 0, 100;
Executing (default): SELECT count(*) AS `count` FROM `reviews` AS `Review` WHERE `Review`.`status` = 'APPROVED';
Executing (default): SELECT `id`, `customer_name` AS `customerName`, `customer_phone` AS `customerPhone`, `customer_email` AS `customerEmail`, `customer_image` AS `customerImage`, `service_id` AS `serviceId`, `service_name` AS `serviceName`, `rating`, `comment`, `status`, `is_approved` AS `isApproved`, `created_at` AS `createdAt`, `updated_at` AS `updatedAt` FROM `reviews` AS `Review` WHERE `Review`.`status` = 'APPROVED' ORDER BY `createdAt` DESC LIMIT 0, 100;
Executing (default): SELECT `id`, `full_name` AS `fullName`, `phone`, `email`, `customer_code` AS `customerCode`, `password_hash` AS `passwordHash`, `preferred_barber_id` AS `preferredBarberId`, `favorite_service_id` AS `favoriteServiceId`, `avatar_url` AS `avatarUrl`, `reminder_opt_in` AS `reminderOptIn`, `is_active` AS `isActive`, `last_login_at` AS `lastLoginAt`, `created_at` AS `createdAt`, `updated_at` AS `updatedAt` FROM `customers` AS `Customer` WHERE `Customer`.`id` = 1;
[0mGET /api/gallery?page=1&perPage=100 [36m304[0m 19.592 ms - -[0m
[0mGET /api/reviews?approved=true&page=1&perPage=100 [36m304[0m 17.105 ms - -[0m
[0mGET /api/account/me [36m304[0m 15.753 ms - -[0m
Executing (default): SELECT count(`Gallery`.`id`) AS `count` FROM `gallery` AS `Gallery` LEFT OUTER JOIN `barbers` AS `barber` ON `Gallery`.`barber_id` = `barber`.`id`;
Executing (default): SELECT `Gallery`.`id`, `Gallery`.`title`, `Gallery`.`image`, `Gallery`.`category`, `Gallery`.`barber_id` AS `barberId`, `Gallery`.`created_at` AS `createdAt`, `Gallery`.`updated_at` AS `updatedAt`, `barber`.`id` AS `barber.id`, `barber`.`name` AS `barber.name` FROM `gallery` AS `Gallery` LEFT OUTER JOIN `barbers` AS `barber` ON `Gallery`.`barber_id` = `barber`.`id` ORDER BY `createdAt` DESC LIMIT 0, 100;
Executing (default): SELECT count(*) AS `count` FROM `reviews` AS `Review` WHERE `Review`.`status` = 'APPROVED';
Executing (default): SELECT `id`, `customer_name` AS `customerName`, `customer_phone` AS `customerPhone`, `customer_email` AS `customerEmail`, `customer_image` AS `customerImage`, `service_id` AS `serviceId`, `service_name` AS `serviceName`, `rating`, `comment`, `status`, `is_approved` AS `isApproved`, `created_at` AS `createdAt`, `updated_at` AS `updatedAt` FROM `reviews` AS `Review` WHERE `Review`.`status` = 'APPROVED' ORDER BY `createdAt` DESC LIMIT 0, 100;
Executing (default): SELECT `id`, `full_name` AS `fullName`, `phone`, `email`, `customer_code` AS `customerCode`, `password_hash` AS `passwordHash`, `preferred_barber_id` AS `preferredBarberId`, `favorite_service_id` AS `favoriteServiceId`, `avatar_url` AS `avatarUrl`, `reminder_opt_in` AS `reminderOptIn`, `is_active` AS `isActive`, `last_login_at` AS `lastLoginAt`, `created_at` AS `createdAt`, `updated_at` AS `updatedAt` FROM `customers` AS `Customer` WHERE `Customer`.`id` = 1;
[0mGET /api/gallery?page=1&perPage=100 [36m304[0m 10.602 ms - -[0m
[0mGET /api/reviews?approved=true&page=1&perPage=100 [36m304[0m 8.400 ms - -[0m
[0mGET /api/account/me [36m304[0m 7.341 ms - -[0m
Executing (default): SELECT count(`Gallery`.`id`) AS `count` FROM `gallery` AS `Gallery` LEFT OUTER JOIN `barbers` AS `barber` ON `Gallery`.`barber_id` = `barber`.`id`;
Executing (default): SELECT `Gallery`.`id`, `Gallery`.`title`, `Gallery`.`image`, `Gallery`.`category`, `Gallery`.`barber_id` AS `barberId`, `Gallery`.`created_at` AS `createdAt`, `Gallery`.`updated_at` AS `updatedAt`, `barber`.`id` AS `barber.id`, `barber`.`name` AS `barber.name` FROM `gallery` AS `Gallery` LEFT OUTER JOIN `barbers` AS `barber` ON `Gallery`.`barber_id` = `barber`.`id` ORDER BY `createdAt` DESC LIMIT 0, 100;
Executing (default): SELECT count(*) AS `count` FROM `reviews` AS `Review` WHERE `Review`.`status` = 'APPROVED';
Executing (default): SELECT `id`, `customer_name` AS `customerName`, `customer_phone` AS `customerPhone`, `customer_email` AS `customerEmail`, `customer_image` AS `customerImage`, `service_id` AS `serviceId`, `service_name` AS `serviceName`, `rating`, `comment`, `status`, `is_approved` AS `isApproved`, `created_at` AS `createdAt`, `updated_at` AS `updatedAt` FROM `reviews` AS `Review` WHERE `Review`.`status` = 'APPROVED' ORDER BY `createdAt` DESC LIMIT 0, 100;
Executing (default): SELECT `id`, `full_name` AS `fullName`, `phone`, `email`, `customer_code` AS `customerCode`, `password_hash` AS `passwordHash`, `preferred_barber_id` AS `preferredBarberId`, `favorite_service_id` AS `favoriteServiceId`, `avatar_url` AS `avatarUrl`, `reminder_opt_in` AS `reminderOptIn`, `is_active` AS `isActive`, `last_login_at` AS `lastLoginAt`, `created_at` AS `createdAt`, `updated_at` AS `updatedAt` FROM `customers` AS `Customer` WHERE `Customer`.`id` = 1;
[0mGET /api/gallery?page=1&perPage=100 [36m304[0m 8.840 ms - -[0m
[0mGET /api/reviews?approved=true&page=1&perPage=100 [36m304[0m 7.072 ms - -[0m
[0mGET /api/account/me [36m304[0m 6.389 ms - -[0m
Executing (default): SELECT count(`Gallery`.`id`) AS `count` FROM `gallery` AS `Gallery` LEFT OUTER JOIN `barbers` AS `barber` ON `Gallery`.`barber_id` = `barber`.`id`;
Executing (default): SELECT `Gallery`.`id`, `Gallery`.`title`, `Gallery`.`image`, `Gallery`.`category`, `Gallery`.`barber_id` AS `barberId`, `Gallery`.`created_at` AS `createdAt`, `Gallery`.`updated_at` AS `updatedAt`, `barber`.`id` AS `barber.id`, `barber`.`name` AS `barber.name` FROM `gallery` AS `Gallery` LEFT OUTER JOIN `barbers` AS `barber` ON `Gallery`.`barber_id` = `barber`.`id` ORDER BY `createdAt` DESC LIMIT 0, 100;
Executing (default): SELECT count(*) AS `count` FROM `reviews` AS `Review` WHERE `Review`.`status` = 'APPROVED';
Executing (default): SELECT `id`, `customer_name` AS `customerName`, `customer_phone` AS `customerPhone`, `customer_email` AS `customerEmail`, `customer_image` AS `customerImage`, `service_id` AS `serviceId`, `service_name` AS `serviceName`, `rating`, `comment`, `status`, `is_approved` AS `isApproved`, `created_at` AS `createdAt`, `updated_at` AS `updatedAt` FROM `reviews` AS `Review` WHERE `Review`.`status` = 'APPROVED' ORDER BY `createdAt` DESC LIMIT 0, 100;
Executing (default): SELECT `id`, `full_name` AS `fullName`, `phone`, `email`, `customer_code` AS `customerCode`, `password_hash` AS `passwordHash`, `preferred_barber_id` AS `preferredBarberId`, `favorite_service_id` AS `favoriteServiceId`, `avatar_url` AS `avatarUrl`, `reminder_opt_in` AS `reminderOptIn`, `is_active` AS `isActive`, `last_login_at` AS `lastLoginAt`, `created_at` AS `createdAt`, `updated_at` AS `updatedAt` FROM `customers` AS `Customer` WHERE `Customer`.`id` = 1;
[0mGET /api/gallery?page=1&perPage=100 [36m304[0m 8.387 ms - -[0m
[0mGET /api/reviews?approved=true&page=1&perPage=100 [36m304[0m 7.533 ms - -[0m
[0mGET /api/account/me [36m304[0m 7.305 ms - -[0m
Executing (default): SELECT count(`Gallery`.`id`) AS `count` FROM `gallery` AS `Gallery` LEFT OUTER JOIN `barbers` AS `barber` ON `Gallery`.`barber_id` = `barber`.`id`;
Executing (default): SELECT `Gallery`.`id`, `Gallery`.`title`, `Gallery`.`image`, `Gallery`.`category`, `Gallery`.`barber_id` AS `barberId`, `Gallery`.`created_at` AS `createdAt`, `Gallery`.`updated_at` AS `updatedAt`, `barber`.`id` AS `barber.id`, `barber`.`name` AS `barber.name` FROM `gallery` AS `Gallery` LEFT OUTER JOIN `barbers` AS `barber` ON `Gallery`.`barber_id` = `barber`.`id` ORDER BY `createdAt` DESC LIMIT 0, 100;
Executing (default): SELECT count(*) AS `count` FROM `reviews` AS `Review` WHERE `Review`.`status` = 'APPROVED';
Executing (default): SELECT `id`, `customer_name` AS `customerName`, `customer_phone` AS `customerPhone`, `customer_email` AS `customerEmail`, `customer_image` AS `customerImage`, `service_id` AS `serviceId`, `service_name` AS `serviceName`, `rating`, `comment`, `status`, `is_approved` AS `isApproved`, `created_at` AS `createdAt`, `updated_at` AS `updatedAt` FROM `reviews` AS `Review` WHERE `Review`.`status` = 'APPROVED' ORDER BY `createdAt` DESC LIMIT 0, 100;
[0mGET /api/gallery?page=1&perPage=100 [32m200[0m 16.074 ms - 693[0m
[0mGET /api/reviews?approved=true&page=1&perPage=100 [32m200[0m 14.072 ms - 494[0m
Executing (default): SELECT count(`Gallery`.`id`) AS `count` FROM `gallery` AS `Gallery` LEFT OUTER JOIN `barbers` AS `barber` ON `Gallery`.`barber_id` = `barber`.`id`;
Executing (default): SELECT `Gallery`.`id`, `Gallery`.`title`, `Gallery`.`image`, `Gallery`.`category`, `Gallery`.`barber_id` AS `barberId`, `Gallery`.`created_at` AS `createdAt`, `Gallery`.`updated_at` AS `updatedAt`, `barber`.`id` AS `barber.id`, `barber`.`name` AS `barber.name` FROM `gallery` AS `Gallery` LEFT OUTER JOIN `barbers` AS `barber` ON `Gallery`.`barber_id` = `barber`.`id` ORDER BY `createdAt` DESC LIMIT 0, 100;
Executing (default): SELECT count(*) AS `count` FROM `reviews` AS `Review` WHERE `Review`.`status` = 'APPROVED';
Executing (default): SELECT `id`, `customer_name` AS `customerName`, `customer_phone` AS `customerPhone`, `customer_email` AS `customerEmail`, `customer_image` AS `customerImage`, `service_id` AS `serviceId`, `service_name` AS `serviceName`, `rating`, `comment`, `status`, `is_approved` AS `isApproved`, `created_at` AS `createdAt`, `updated_at` AS `updatedAt` FROM `reviews` AS `Review` WHERE `Review`.`status` = 'APPROVED' ORDER BY `createdAt` DESC LIMIT 0, 100;
[0mGET /api/gallery?page=1&perPage=100 [36m304[0m 4.905 ms - -[0m
[0mGET /api/reviews?approved=true&page=1&perPage=100 [36m304[0m 3.815 ms - -[0m
[0mGET /api/admin/customers?page=1&perPage=12 [33m401[0m 2.315 ms - 65[0m
[0mGET /api/admin/customers?page=1&perPage=12 [33m401[0m 1.429 ms - 65[0m
Executing (default): SELECT `id`, `name`, `email`, `password`, `role`, `is_active` AS `isActive`, `created_at` AS `createdAt`, `updated_at` AS `updatedAt` FROM `admins` AS `Admin` WHERE `Admin`.`email` = 'admin@sawabasalon.com';
[0mPOST /api/auth/login [32m200[0m 444.659 ms - 477[0m
Executing (default): SELECT `id`, `name`, `email`, `password`, `role`, `is_active` AS `isActive`, `created_at` AS `createdAt`, `updated_at` AS `updatedAt` FROM `admins` AS `Admin` WHERE `Admin`.`id` = 1;
Executing (default): SELECT count(*) AS `count` FROM `appointments` AS `Appointment`;
Executing (default): SELECT count(*) AS `count` FROM `appointments` AS `Appointment` WHERE `Appointment`.`status` IN ('PAYMENT_REQUIRED', 'PAYMENT_SUBMITTED');
Executing (default): SELECT count(*) AS `count` FROM `appointments` AS `Appointment` WHERE `Appointment`.`status` IN ('PAYMENT_VERIFIED', 'READY_FOR_SERVICE', 'IN_PROGRESS');
Executing (default): SELECT count(*) AS `count` FROM `appointments` AS `Appointment` WHERE `Appointment`.`status` = 'COMPLETED';
Executing (default): SELECT count(*) AS `count` FROM `appointments` AS `Appointment` WHERE `Appointment`.`status` = 'CANCELLED';
Executing (default): SELECT count(*) AS `count` FROM `customers` AS `Customer`;
Executing (default): SELECT count(*) AS `count` FROM `barbers` AS `Barber`;
Executing (default): SELECT count(*) AS `count` FROM `services` AS `Service` WHERE `Service`.`is_active` = true;
Executing (default): SELECT count(*) AS `count` FROM `payments` AS `Payment` WHERE `Payment`.`status` = 'PENDING_VERIFICATION';
Executing (default): SELECT count(*) AS `count` FROM `payments` AS `Payment` WHERE `Payment`.`status` = 'PAID';
Executing (default): SELECT count(*) AS `count` FROM `payments` AS `Payment` WHERE `Payment`.`status` = 'REJECTED';
Executing (default): SELECT COALESCE(SUM(`amount`), 0) AS `revenue` FROM `payments` AS `Payment` WHERE `Payment`.`status` = 'PAID' LIMIT 1;
Executing (default): SELECT `Appointment`.`id`, `Appointment`.`reference_code` AS `referenceCode`, `Appointment`.`customer_name` AS `customerName`, `Appointment`.`customer_phone` AS `customerPhone`, `Appointment`.`customer_email` AS `customerEmail`, `Appointment`.`customer_id` AS `customerId`, `Appointment`.`service_id` AS `serviceId`, `Appointment`.`barber_id` AS `barberId`, `Appointment`.`appointment_date` AS `appointmentDate`, `Appointment`.`appointment_time` AS `appointmentTime`, `Appointment`.`total_amount` AS `totalAmount`, `Appointment`.`notes`, `Appointment`.`service_started_at` AS `serviceStartedAt`, `Appointment`.`completed_at` AS `completedAt`, `Appointment`.`cancelled_at` AS `cancelledAt`, `Appointment`.`cancellation_reason` AS `cancellationReason`, `Appointment`.`cancelled_by` AS `cancelledBy`, `Appointment`.`status`, `Appointment`.`created_at` AS `createdAt`, `Appointment`.`updated_at` AS `updatedAt`, `service`.`id` AS `service.id`, `service`.`name` AS `service.name`, `barber`.`id` AS `barber.id`, `barber`.`name` AS `barber.name` FROM `appointments` AS `Appointment` LEFT OUTER JOIN `services` AS `service` ON `Appointment`.`service_id` = `service`.`id` LEFT OUTER JOIN `barbers` AS `barber` ON `Appointment`.`barber_id` = `barber`.`id` ORDER BY `createdAt` DESC LIMIT 8;
[0mGET /api/admin/dashboard [32m200[0m 45.135 ms - 784[0m
Executing (default): SELECT `id`, `name`, `email`, `password`, `role`, `is_active` AS `isActive`, `created_at` AS `createdAt`, `updated_at` AS `updatedAt` FROM `admins` AS `Admin` WHERE `Admin`.`id` = 1;
Executing (default): SELECT count(*) AS `count` FROM `appointments` AS `Appointment`;
Executing (default): SELECT count(*) AS `count` FROM `appointments` AS `Appointment` WHERE `Appointment`.`status` IN ('PAYMENT_REQUIRED', 'PAYMENT_SUBMITTED');
Executing (default): SELECT count(*) AS `count` FROM `appointments` AS `Appointment` WHERE `Appointment`.`status` IN ('PAYMENT_VERIFIED', 'READY_FOR_SERVICE', 'IN_PROGRESS');
Executing (default): SELECT count(*) AS `count` FROM `appointments` AS `Appointment` WHERE `Appointment`.`status` = 'COMPLETED';
Executing (default): SELECT count(*) AS `count` FROM `appointments` AS `Appointment` WHERE `Appointment`.`status` = 'CANCELLED';
Executing (default): SELECT count(*) AS `count` FROM `customers` AS `Customer`;
Executing (default): SELECT count(*) AS `count` FROM `barbers` AS `Barber`;
Executing (default): SELECT count(*) AS `count` FROM `services` AS `Service` WHERE `Service`.`is_active` = true;
Executing (default): SELECT count(*) AS `count` FROM `payments` AS `Payment` WHERE `Payment`.`status` = 'PENDING_VERIFICATION';
Executing (default): SELECT count(*) AS `count` FROM `payments` AS `Payment` WHERE `Payment`.`status` = 'PAID';
Executing (default): SELECT count(*) AS `count` FROM `payments` AS `Payment` WHERE `Payment`.`status` = 'REJECTED';
Executing (default): SELECT COALESCE(SUM(`amount`), 0) AS `revenue` FROM `payments` AS `Payment` WHERE `Payment`.`status` = 'PAID' LIMIT 1;
Executing (default): SELECT `Appointment`.`id`, `Appointment`.`reference_code` AS `referenceCode`, `Appointment`.`customer_name` AS `customerName`, `Appointment`.`customer_phone` AS `customerPhone`, `Appointment`.`customer_email` AS `customerEmail`, `Appointment`.`customer_id` AS `customerId`, `Appointment`.`service_id` AS `serviceId`, `Appointment`.`barber_id` AS `barberId`, `Appointment`.`appointment_date` AS `appointmentDate`, `Appointment`.`appointment_time` AS `appointmentTime`, `Appointment`.`total_amount` AS `totalAmount`, `Appointment`.`notes`, `Appointment`.`service_started_at` AS `serviceStartedAt`, `Appointment`.`completed_at` AS `completedAt`, `Appointment`.`cancelled_at` AS `cancelledAt`, `Appointment`.`cancellation_reason` AS `cancellationReason`, `Appointment`.`cancelled_by` AS `cancelledBy`, `Appointment`.`status`, `Appointment`.`created_at` AS `createdAt`, `Appointment`.`updated_at` AS `updatedAt`, `service`.`id` AS `service.id`, `service`.`name` AS `service.name`, `barber`.`id` AS `barber.id`, `barber`.`name` AS `barber.name` FROM `appointments` AS `Appointment` LEFT OUTER JOIN `services` AS `service` ON `Appointment`.`service_id` = `service`.`id` LEFT OUTER JOIN `barbers` AS `barber` ON `Appointment`.`barber_id` = `barber`.`id` ORDER BY `createdAt` DESC LIMIT 8;
[0mGET /api/admin/dashboard [36m304[0m 12.858 ms - -[0m
Executing (default): SELECT `id`, `name`, `email`, `password`, `role`, `is_active` AS `isActive`, `created_at` AS `createdAt`, `updated_at` AS `updatedAt` FROM `admins` AS `Admin` WHERE `Admin`.`id` = 1;
Executing (default): SELECT count(*) AS `count` FROM `customers` AS `Customer` WHERE `Customer`.`is_active` = true;
Executing (default): SELECT `id`, `full_name` AS `fullName`, `phone`, `email`, `customer_code` AS `customerCode`, `password_hash` AS `passwordHash`, `preferred_barber_id` AS `preferredBarberId`, `favorite_service_id` AS `favoriteServiceId`, `avatar_url` AS `avatarUrl`, `reminder_opt_in` AS `reminderOptIn`, `is_active` AS `isActive`, `last_login_at` AS `lastLoginAt`, `created_at` AS `createdAt`, `updated_at` AS `updatedAt` FROM `customers` AS `Customer` WHERE `Customer`.`is_active` = true ORDER BY `createdAt` DESC LIMIT 0, 12;
Executing (default): SELECT `Appointment`.`id`, `Appointment`.`status`, `payment`.`id` AS `payment.id`, `payment`.`status` AS `payment.status`, `payment`.`amount` AS `payment.amount` FROM `appointments` AS `Appointment` LEFT OUTER JOIN `payments` AS `payment` ON `Appointment`.`id` = `payment`.`appointment_id` WHERE `Appointment`.`customer_id` = 2;
Executing (default): SELECT `Appointment`.`id`, `Appointment`.`status`, `payment`.`id` AS `payment.id`, `payment`.`status` AS `payment.status`, `payment`.`amount` AS `payment.amount` FROM `appointments` AS `Appointment` LEFT OUTER JOIN `payments` AS `payment` ON `Appointment`.`id` = `payment`.`appointment_id` WHERE `Appointment`.`customer_id` = 1;
Executing (default): SELECT `Appointment`.`id`, `Appointment`.`reference_code` AS `referenceCode`, `Appointment`.`customer_name` AS `customerName`, `Appointment`.`customer_phone` AS `customerPhone`, `Appointment`.`customer_email` AS `customerEmail`, `Appointment`.`customer_id` AS `customerId`, `Appointment`.`service_id` AS `serviceId`, `Appointment`.`barber_id` AS `barberId`, `Appointment`.`appointment_date` AS `appointmentDate`, `Appointment`.`appointment_time` AS `appointmentTime`, `Appointment`.`total_amount` AS `totalAmount`, `Appointment`.`notes`, `Appointment`.`service_started_at` AS `serviceStartedAt`, `Appointment`.`completed_at` AS `completedAt`, `Appointment`.`cancelled_at` AS `cancelledAt`, `Appointment`.`cancellation_reason` AS `cancellationReason`, `Appointment`.`cancelled_by` AS `cancelledBy`, `Appointment`.`status`, `Appointment`.`created_at` AS `createdAt`, `Appointment`.`updated_at` AS `updatedAt`, `payment`.`id` AS `payment.id`, `payment`.`status` AS `payment.status`, `service`.`id` AS `service.id`, `service`.`name` AS `service.name`, `barber`.`id` AS `barber.id`, `barber`.`name` AS `barber.name` FROM `appointments` AS `Appointment` LEFT OUTER JOIN `payments` AS `payment` ON `Appointment`.`id` = `payment`.`appointment_id` LEFT OUTER JOIN `services` AS `service` ON `Appointment`.`service_id` = `service`.`id` LEFT OUTER JOIN `barbers` AS `barber` ON `Appointment`.`barber_id` = `barber`.`id` WHERE `Appointment`.`customer_id` = 2 ORDER BY `appointmentDate` DESC, `appointmentTime` DESC LIMIT 1;
Executing (default): SELECT `Appointment`.`id`, `Appointment`.`reference_code` AS `referenceCode`, `Appointment`.`customer_name` AS `customerName`, `Appointment`.`customer_phone` AS `customerPhone`, `Appointment`.`customer_email` AS `customerEmail`, `Appointment`.`customer_id` AS `customerId`, `Appointment`.`service_id` AS `serviceId`, `Appointment`.`barber_id` AS `barberId`, `Appointment`.`appointment_date` AS `appointmentDate`, `Appointment`.`appointment_time` AS `appointmentTime`, `Appointment`.`total_amount` AS `totalAmount`, `Appointment`.`notes`, `Appointment`.`service_started_at` AS `serviceStartedAt`, `Appointment`.`completed_at` AS `completedAt`, `Appointment`.`cancelled_at` AS `cancelledAt`, `Appointment`.`cancellation_reason` AS `cancellationReason`, `Appointment`.`cancelled_by` AS `cancelledBy`, `Appointment`.`status`, `Appointment`.`created_at` AS `createdAt`, `Appointment`.`updated_at` AS `updatedAt`, `payment`.`id` AS `payment.id`, `payment`.`status` AS `payment.status`, `service`.`id` AS `service.id`, `service`.`name` AS `service.name`, `barber`.`id` AS `barber.id`, `barber`.`name` AS `barber.name` FROM `appointments` AS `Appointment` LEFT OUTER JOIN `payments` AS `payment` ON `Appointment`.`id` = `payment`.`appointment_id` LEFT OUTER JOIN `services` AS `service` ON `Appointment`.`service_id` = `service`.`id` LEFT OUTER JOIN `barbers` AS `barber` ON `Appointment`.`barber_id` = `barber`.`id` WHERE `Appointment`.`customer_id` = 1 ORDER BY `appointmentDate` DESC, `appointmentTime` DESC LIMIT 1;
[0mGET /api/admin/customers?page=1&perPage=12 [32m200[0m 14.186 ms - 888[0m
Executing (default): SELECT `id`, `name`, `email`, `password`, `role`, `is_active` AS `isActive`, `created_at` AS `createdAt`, `updated_at` AS `updatedAt` FROM `admins` AS `Admin` WHERE `Admin`.`id` = 1;
Executing (default): SELECT count(*) AS `count` FROM `customers` AS `Customer` WHERE `Customer`.`is_active` = true;
Executing (default): SELECT `id`, `full_name` AS `fullName`, `phone`, `email`, `customer_code` AS `customerCode`, `password_hash` AS `passwordHash`, `preferred_barber_id` AS `preferredBarberId`, `favorite_service_id` AS `favoriteServiceId`, `avatar_url` AS `avatarUrl`, `reminder_opt_in` AS `reminderOptIn`, `is_active` AS `isActive`, `last_login_at` AS `lastLoginAt`, `created_at` AS `createdAt`, `updated_at` AS `updatedAt` FROM `customers` AS `Customer` WHERE `Customer`.`is_active` = true ORDER BY `createdAt` DESC LIMIT 0, 12;
Executing (default): SELECT `Appointment`.`id`, `Appointment`.`status`, `payment`.`id` AS `payment.id`, `payment`.`status` AS `payment.status`, `payment`.`amount` AS `payment.amount` FROM `appointments` AS `Appointment` LEFT OUTER JOIN `payments` AS `payment` ON `Appointment`.`id` = `payment`.`appointment_id` WHERE `Appointment`.`customer_id` = 2;
Executing (default): SELECT `Appointment`.`id`, `Appointment`.`status`, `payment`.`id` AS `payment.id`, `payment`.`status` AS `payment.status`, `payment`.`amount` AS `payment.amount` FROM `appointments` AS `Appointment` LEFT OUTER JOIN `payments` AS `payment` ON `Appointment`.`id` = `payment`.`appointment_id` WHERE `Appointment`.`customer_id` = 1;
Executing (default): SELECT `Appointment`.`id`, `Appointment`.`reference_code` AS `referenceCode`, `Appointment`.`customer_name` AS `customerName`, `Appointment`.`customer_phone` AS `customerPhone`, `Appointment`.`customer_email` AS `customerEmail`, `Appointment`.`customer_id` AS `customerId`, `Appointment`.`service_id` AS `serviceId`, `Appointment`.`barber_id` AS `barberId`, `Appointment`.`appointment_date` AS `appointmentDate`, `Appointment`.`appointment_time` AS `appointmentTime`, `Appointment`.`total_amount` AS `totalAmount`, `Appointment`.`notes`, `Appointment`.`service_started_at` AS `serviceStartedAt`, `Appointment`.`completed_at` AS `completedAt`, `Appointment`.`cancelled_at` AS `cancelledAt`, `Appointment`.`cancellation_reason` AS `cancellationReason`, `Appointment`.`cancelled_by` AS `cancelledBy`, `Appointment`.`status`, `Appointment`.`created_at` AS `createdAt`, `Appointment`.`updated_at` AS `updatedAt`, `payment`.`id` AS `payment.id`, `payment`.`status` AS `payment.status`, `service`.`id` AS `service.id`, `service`.`name` AS `service.name`, `barber`.`id` AS `barber.id`, `barber`.`name` AS `barber.name` FROM `appointments` AS `Appointment` LEFT OUTER JOIN `payments` AS `payment` ON `Appointment`.`id` = `payment`.`appointment_id` LEFT OUTER JOIN `services` AS `service` ON `Appointment`.`service_id` = `service`.`id` LEFT OUTER JOIN `barbers` AS `barber` ON `Appointment`.`barber_id` = `barber`.`id` WHERE `Appointment`.`customer_id` = 2 ORDER BY `appointmentDate` DESC, `appointmentTime` DESC LIMIT 1;
Executing (default): SELECT `Appointment`.`id`, `Appointment`.`reference_code` AS `referenceCode`, `Appointment`.`customer_name` AS `customerName`, `Appointment`.`customer_phone` AS `customerPhone`, `Appointment`.`customer_email` AS `customerEmail`, `Appointment`.`customer_id` AS `customerId`, `Appointment`.`service_id` AS `serviceId`, `Appointment`.`barber_id` AS `barberId`, `Appointment`.`appointment_date` AS `appointmentDate`, `Appointment`.`appointment_time` AS `appointmentTime`, `Appointment`.`total_amount` AS `totalAmount`, `Appointment`.`notes`, `Appointment`.`service_started_at` AS `serviceStartedAt`, `Appointment`.`completed_at` AS `completedAt`, `Appointment`.`cancelled_at` AS `cancelledAt`, `Appointment`.`cancellation_reason` AS `cancellationReason`, `Appointment`.`cancelled_by` AS `cancelledBy`, `Appointment`.`status`, `Appointment`.`created_at` AS `createdAt`, `Appointment`.`updated_at` AS `updatedAt`, `payment`.`id` AS `payment.id`, `payment`.`status` AS `payment.status`, `service`.`id` AS `service.id`, `service`.`name` AS `service.name`, `barber`.`id` AS `barber.id`, `barber`.`name` AS `barber.name` FROM `appointments` AS `Appointment` LEFT OUTER JOIN `payments` AS `payment` ON `Appointment`.`id` = `payment`.`appointment_id` LEFT OUTER JOIN `services` AS `service` ON `Appointment`.`service_id` = `service`.`id` LEFT OUTER JOIN `barbers` AS `barber` ON `Appointment`.`barber_id` = `barber`.`id` WHERE `Appointment`.`customer_id` = 1 ORDER BY `appointmentDate` DESC, `appointmentTime` DESC LIMIT 1;
[0mGET /api/admin/customers?page=1&perPage=12 [36m304[0m 13.524 ms - -[0m
Executing (default): SELECT `id`, `name`, `email`, `password`, `role`, `is_active` AS `isActive`, `created_at` AS `createdAt`, `updated_at` AS `updatedAt` FROM `admins` AS `Admin` WHERE `Admin`.`id` = 1;
Executing (default): SELECT `id`, `full_name` AS `fullName`, `phone`, `email`, `customer_code` AS `customerCode`, `password_hash` AS `passwordHash`, `preferred_barber_id` AS `preferredBarberId`, `favorite_service_id` AS `favoriteServiceId`, `avatar_url` AS `avatarUrl`, `reminder_opt_in` AS `reminderOptIn`, `is_active` AS `isActive`, `last_login_at` AS `lastLoginAt`, `created_at` AS `createdAt`, `updated_at` AS `updatedAt` FROM `customers` AS `Customer` WHERE `Customer`.`id` = 2;
Executing (default): SELECT `Appointment`.`id`, `Appointment`.`reference_code` AS `referenceCode`, `Appointment`.`customer_name` AS `customerName`, `Appointment`.`customer_phone` AS `customerPhone`, `Appointment`.`customer_email` AS `customerEmail`, `Appointment`.`customer_id` AS `customerId`, `Appointment`.`service_id` AS `serviceId`, `Appointment`.`barber_id` AS `barberId`, `Appointment`.`appointment_date` AS `appointmentDate`, `Appointment`.`appointment_time` AS `appointmentTime`, `Appointment`.`total_amount` AS `totalAmount`, `Appointment`.`notes`, `Appointment`.`service_started_at` AS `serviceStartedAt`, `Appointment`.`completed_at` AS `completedAt`, `Appointment`.`cancelled_at` AS `cancelledAt`, `Appointment`.`cancellation_reason` AS `cancellationReason`, `Appointment`.`cancelled_by` AS `cancelledBy`, `Appointment`.`status`, `Appointment`.`created_at` AS `createdAt`, `Appointment`.`updated_at` AS `updatedAt`, `service`.`id` AS `service.id`, `service`.`name` AS `service.name`, `service`.`price` AS `service.price`, `service`.`duration` AS `service.duration`, `barber`.`id` AS `barber.id`, `barber`.`name` AS `barber.name`, `barber`.`image` AS `barber.image`, `payment`.`id` AS `payment.id`, `payment`.`status` AS `payment.status`, `payment`.`amount` AS `payment.amount`, `payment`.`payment_method` AS `payment.paymentMethod` FROM `appointments` AS `Appointment` LEFT OUTER JOIN `services` AS `service` ON `Appointment`.`service_id` = `service`.`id` LEFT OUTER JOIN `barbers` AS `barber` ON `Appointment`.`barber_id` = `barber`.`id` LEFT OUTER JOIN `payments` AS `payment` ON `Appointment`.`id` = `payment`.`appointment_id` WHERE `Appointment`.`customer_id` = 2 ORDER BY `appointmentDate` DESC, `appointmentTime` DESC LIMIT 200;
Executing (default): SELECT `Appointment`.`id`, `Appointment`.`status`, `payment`.`id` AS `payment.id`, `payment`.`status` AS `payment.status`, `payment`.`amount` AS `payment.amount` FROM `appointments` AS `Appointment` LEFT OUTER JOIN `payments` AS `payment` ON `Appointment`.`id` = `payment`.`appointment_id` WHERE `Appointment`.`customer_id` = 2;
[0mGET /api/admin/customers/2 [32m200[0m 34.468 ms - 2069[0m
Executing (default): SELECT `id`, `name`, `email`, `password`, `role`, `is_active` AS `isActive`, `created_at` AS `createdAt`, `updated_at` AS `updatedAt` FROM `admins` AS `Admin` WHERE `Admin`.`id` = 1;
Executing (default): SELECT count(*) AS `count` FROM `customers` AS `Customer` WHERE `Customer`.`is_active` = true;
Executing (default): SELECT `id`, `full_name` AS `fullName`, `phone`, `email`, `customer_code` AS `customerCode`, `password_hash` AS `passwordHash`, `preferred_barber_id` AS `preferredBarberId`, `favorite_service_id` AS `favoriteServiceId`, `avatar_url` AS `avatarUrl`, `reminder_opt_in` AS `reminderOptIn`, `is_active` AS `isActive`, `last_login_at` AS `lastLoginAt`, `created_at` AS `createdAt`, `updated_at` AS `updatedAt` FROM `customers` AS `Customer` WHERE `Customer`.`is_active` = true ORDER BY `createdAt` DESC LIMIT 0, 12;
Executing (default): SELECT `Appointment`.`id`, `Appointment`.`status`, `payment`.`id` AS `payment.id`, `payment`.`status` AS `payment.status`, `payment`.`amount` AS `payment.amount` FROM `appointments` AS `Appointment` LEFT OUTER JOIN `payments` AS `payment` ON `Appointment`.`id` = `payment`.`appointment_id` WHERE `Appointment`.`customer_id` = 2;
Executing (default): SELECT `Appointment`.`id`, `Appointment`.`status`, `payment`.`id` AS `payment.id`, `payment`.`status` AS `payment.status`, `payment`.`amount` AS `payment.amount` FROM `appointments` AS `Appointment` LEFT OUTER JOIN `payments` AS `payment` ON `Appointment`.`id` = `payment`.`appointment_id` WHERE `Appointment`.`customer_id` = 1;
Executing (default): SELECT `Appointment`.`id`, `Appointment`.`reference_code` AS `referenceCode`, `Appointment`.`customer_name` AS `customerName`, `Appointment`.`customer_phone` AS `customerPhone`, `Appointment`.`customer_email` AS `customerEmail`, `Appointment`.`customer_id` AS `customerId`, `Appointment`.`service_id` AS `serviceId`, `Appointment`.`barber_id` AS `barberId`, `Appointment`.`appointment_date` AS `appointmentDate`, `Appointment`.`appointment_time` AS `appointmentTime`, `Appointment`.`total_amount` AS `totalAmount`, `Appointment`.`notes`, `Appointment`.`service_started_at` AS `serviceStartedAt`, `Appointment`.`completed_at` AS `completedAt`, `Appointment`.`cancelled_at` AS `cancelledAt`, `Appointment`.`cancellation_reason` AS `cancellationReason`, `Appointment`.`cancelled_by` AS `cancelledBy`, `Appointment`.`status`, `Appointment`.`created_at` AS `createdAt`, `Appointment`.`updated_at` AS `updatedAt`, `payment`.`id` AS `payment.id`, `payment`.`status` AS `payment.status`, `service`.`id` AS `service.id`, `service`.`name` AS `service.name`, `barber`.`id` AS `barber.id`, `barber`.`name` AS `barber.name` FROM `appointments` AS `Appointment` LEFT OUTER JOIN `payments` AS `payment` ON `Appointment`.`id` = `payment`.`appointment_id` LEFT OUTER JOIN `services` AS `service` ON `Appointment`.`service_id` = `service`.`id` LEFT OUTER JOIN `barbers` AS `barber` ON `Appointment`.`barber_id` = `barber`.`id` WHERE `Appointment`.`customer_id` = 2 ORDER BY `appointmentDate` DESC, `appointmentTime` DESC LIMIT 1;
Executing (default): SELECT `Appointment`.`id`, `Appointment`.`reference_code` AS `referenceCode`, `Appointment`.`customer_name` AS `customerName`, `Appointment`.`customer_phone` AS `customerPhone`, `Appointment`.`customer_email` AS `customerEmail`, `Appointment`.`customer_id` AS `customerId`, `Appointment`.`service_id` AS `serviceId`, `Appointment`.`barber_id` AS `barberId`, `Appointment`.`appointment_date` AS `appointmentDate`, `Appointment`.`appointment_time` AS `appointmentTime`, `Appointment`.`total_amount` AS `totalAmount`, `Appointment`.`notes`, `Appointment`.`service_started_at` AS `serviceStartedAt`, `Appointment`.`completed_at` AS `completedAt`, `Appointment`.`cancelled_at` AS `cancelledAt`, `Appointment`.`cancellation_reason` AS `cancellationReason`, `Appointment`.`cancelled_by` AS `cancelledBy`, `Appointment`.`status`, `Appointment`.`created_at` AS `createdAt`, `Appointment`.`updated_at` AS `updatedAt`, `payment`.`id` AS `payment.id`, `payment`.`status` AS `payment.status`, `service`.`id` AS `service.id`, `service`.`name` AS `service.name`, `barber`.`id` AS `barber.id`, `barber`.`name` AS `barber.name` FROM `appointments` AS `Appointment` LEFT OUTER JOIN `payments` AS `payment` ON `Appointment`.`id` = `payment`.`appointment_id` LEFT OUTER JOIN `services` AS `service` ON `Appointment`.`service_id` = `service`.`id` LEFT OUTER JOIN `barbers` AS `barber` ON `Appointment`.`barber_id` = `barber`.`id` WHERE `Appointment`.`customer_id` = 1 ORDER BY `appointmentDate` DESC, `appointmentTime` DESC LIMIT 1;
[0mGET /api/admin/customers?page=1&perPage=12 [36m304[0m 23.243 ms - -[0m
Executing (default): SELECT `id`, `name`, `email`, `password`, `role`, `is_active` AS `isActive`, `created_at` AS `createdAt`, `updated_at` AS `updatedAt` FROM `admins` AS `Admin` WHERE `Admin`.`id` = 1;
Executing (default): SELECT count(*) AS `count` FROM `customers` AS `Customer` WHERE `Customer`.`is_active` = true;
Executing (default): SELECT `id`, `full_name` AS `fullName`, `phone`, `email`, `customer_code` AS `customerCode`, `password_hash` AS `passwordHash`, `preferred_barber_id` AS `preferredBarberId`, `favorite_service_id` AS `favoriteServiceId`, `avatar_url` AS `avatarUrl`, `reminder_opt_in` AS `reminderOptIn`, `is_active` AS `isActive`, `last_login_at` AS `lastLoginAt`, `created_at` AS `createdAt`, `updated_at` AS `updatedAt` FROM `customers` AS `Customer` WHERE `Customer`.`is_active` = true ORDER BY `createdAt` DESC LIMIT 0, 12;
Executing (default): SELECT `Appointment`.`id`, `Appointment`.`status`, `payment`.`id` AS `payment.id`, `payment`.`status` AS `payment.status`, `payment`.`amount` AS `payment.amount` FROM `appointments` AS `Appointment` LEFT OUTER JOIN `payments` AS `payment` ON `Appointment`.`id` = `payment`.`appointment_id` WHERE `Appointment`.`customer_id` = 2;
Executing (default): SELECT `Appointment`.`id`, `Appointment`.`status`, `payment`.`id` AS `payment.id`, `payment`.`status` AS `payment.status`, `payment`.`amount` AS `payment.amount` FROM `appointments` AS `Appointment` LEFT OUTER JOIN `payments` AS `payment` ON `Appointment`.`id` = `payment`.`appointment_id` WHERE `Appointment`.`customer_id` = 1;
Executing (default): SELECT `Appointment`.`id`, `Appointment`.`reference_code` AS `referenceCode`, `Appointment`.`customer_name` AS `customerName`, `Appointment`.`customer_phone` AS `customerPhone`, `Appointment`.`customer_email` AS `customerEmail`, `Appointment`.`customer_id` AS `customerId`, `Appointment`.`service_id` AS `serviceId`, `Appointment`.`barber_id` AS `barberId`, `Appointment`.`appointment_date` AS `appointmentDate`, `Appointment`.`appointment_time` AS `appointmentTime`, `Appointment`.`total_amount` AS `totalAmount`, `Appointment`.`notes`, `Appointment`.`service_started_at` AS `serviceStartedAt`, `Appointment`.`completed_at` AS `completedAt`, `Appointment`.`cancelled_at` AS `cancelledAt`, `Appointment`.`cancellation_reason` AS `cancellationReason`, `Appointment`.`cancelled_by` AS `cancelledBy`, `Appointment`.`status`, `Appointment`.`created_at` AS `createdAt`, `Appointment`.`updated_at` AS `updatedAt`, `payment`.`id` AS `payment.id`, `payment`.`status` AS `payment.status`, `service`.`id` AS `service.id`, `service`.`name` AS `service.name`, `barber`.`id` AS `barber.id`, `barber`.`name` AS `barber.name` FROM `appointments` AS `Appointment` LEFT OUTER JOIN `payments` AS `payment` ON `Appointment`.`id` = `payment`.`appointment_id` LEFT OUTER JOIN `services` AS `service` ON `Appointment`.`service_id` = `service`.`id` LEFT OUTER JOIN `barbers` AS `barber` ON `Appointment`.`barber_id` = `barber`.`id` WHERE `Appointment`.`customer_id` = 2 ORDER BY `appointmentDate` DESC, `appointmentTime` DESC LIMIT 1;
Executing (default): SELECT `Appointment`.`id`, `Appointment`.`reference_code` AS `referenceCode`, `Appointment`.`customer_name` AS `customerName`, `Appointment`.`customer_phone` AS `customerPhone`, `Appointment`.`customer_email` AS `customerEmail`, `Appointment`.`customer_id` AS `customerId`, `Appointment`.`service_id` AS `serviceId`, `Appointment`.`barber_id` AS `barberId`, `Appointment`.`appointment_date` AS `appointmentDate`, `Appointment`.`appointment_time` AS `appointmentTime`, `Appointment`.`total_amount` AS `totalAmount`, `Appointment`.`notes`, `Appointment`.`service_started_at` AS `serviceStartedAt`, `Appointment`.`completed_at` AS `completedAt`, `Appointment`.`cancelled_at` AS `cancelledAt`, `Appointment`.`cancellation_reason` AS `cancellationReason`, `Appointment`.`cancelled_by` AS `cancelledBy`, `Appointment`.`status`, `Appointment`.`created_at` AS `createdAt`, `Appointment`.`updated_at` AS `updatedAt`, `payment`.`id` AS `payment.id`, `payment`.`status` AS `payment.status`, `service`.`id` AS `service.id`, `service`.`name` AS `service.name`, `barber`.`id` AS `barber.id`, `barber`.`name` AS `barber.name` FROM `appointments` AS `Appointment` LEFT OUTER JOIN `payments` AS `payment` ON `Appointment`.`id` = `payment`.`appointment_id` LEFT OUTER JOIN `services` AS `service` ON `Appointment`.`service_id` = `service`.`id` LEFT OUTER JOIN `barbers` AS `barber` ON `Appointment`.`barber_id` = `barber`.`id` WHERE `Appointment`.`customer_id` = 1 ORDER BY `appointmentDate` DESC, `appointmentTime` DESC LIMIT 1;
[0mGET /api/admin/customers?page=1&perPage=12 [36m304[0m 13.178 ms - -[0m
Executing (default): SELECT count(`Gallery`.`id`) AS `count` FROM `gallery` AS `Gallery` LEFT OUTER JOIN `barbers` AS `barber` ON `Gallery`.`barber_id` = `barber`.`id`;
Executing (default): SELECT `Gallery`.`id`, `Gallery`.`title`, `Gallery`.`image`, `Gallery`.`category`, `Gallery`.`barber_id` AS `barberId`, `Gallery`.`created_at` AS `createdAt`, `Gallery`.`updated_at` AS `updatedAt`, `barber`.`id` AS `barber.id`, `barber`.`name` AS `barber.name` FROM `gallery` AS `Gallery` LEFT OUTER JOIN `barbers` AS `barber` ON `Gallery`.`barber_id` = `barber`.`id` ORDER BY `createdAt` DESC LIMIT 0, 100;
Executing (default): SELECT count(*) AS `count` FROM `reviews` AS `Review` WHERE `Review`.`status` = 'APPROVED';
Executing (default): SELECT `id`, `customer_name` AS `customerName`, `customer_phone` AS `customerPhone`, `customer_email` AS `customerEmail`, `customer_image` AS `customerImage`, `service_id` AS `serviceId`, `service_name` AS `serviceName`, `rating`, `comment`, `status`, `is_approved` AS `isApproved`, `created_at` AS `createdAt`, `updated_at` AS `updatedAt` FROM `reviews` AS `Review` WHERE `Review`.`status` = 'APPROVED' ORDER BY `createdAt` DESC LIMIT 0, 100;
Executing (default): SELECT `id`, `full_name` AS `fullName`, `phone`, `email`, `customer_code` AS `customerCode`, `password_hash` AS `passwordHash`, `preferred_barber_id` AS `preferredBarberId`, `favorite_service_id` AS `favoriteServiceId`, `avatar_url` AS `avatarUrl`, `reminder_opt_in` AS `reminderOptIn`, `is_active` AS `isActive`, `last_login_at` AS `lastLoginAt`, `created_at` AS `createdAt`, `updated_at` AS `updatedAt` FROM `customers` AS `Customer` WHERE `Customer`.`id` = 1;
[0mGET /api/gallery?page=1&perPage=100 [36m304[0m 7.075 ms - -[0m
[0mGET /api/reviews?approved=true&page=1&perPage=100 [36m304[0m 5.870 ms - -[0m
[0mGET /api/account/me [36m304[0m 6.493 ms - -[0m
Executing (default): SELECT count(`Gallery`.`id`) AS `count` FROM `gallery` AS `Gallery` LEFT OUTER JOIN `barbers` AS `barber` ON `Gallery`.`barber_id` = `barber`.`id`;
Executing (default): SELECT `Gallery`.`id`, `Gallery`.`title`, `Gallery`.`image`, `Gallery`.`category`, `Gallery`.`barber_id` AS `barberId`, `Gallery`.`created_at` AS `createdAt`, `Gallery`.`updated_at` AS `updatedAt`, `barber`.`id` AS `barber.id`, `barber`.`name` AS `barber.name` FROM `gallery` AS `Gallery` LEFT OUTER JOIN `barbers` AS `barber` ON `Gallery`.`barber_id` = `barber`.`id` ORDER BY `createdAt` DESC LIMIT 0, 100;
[0mGET /api/gallery?page=1&perPage=100 [36m304[0m 3.401 ms - -[0m
Executing (default): SELECT count(*) AS `count` FROM `reviews` AS `Review` WHERE `Review`.`status` = 'APPROVED';
Executing (default): SELECT `id`, `customer_name` AS `customerName`, `customer_phone` AS `customerPhone`, `customer_email` AS `customerEmail`, `customer_image` AS `customerImage`, `service_id` AS `serviceId`, `service_name` AS `serviceName`, `rating`, `comment`, `status`, `is_approved` AS `isApproved`, `created_at` AS `createdAt`, `updated_at` AS `updatedAt` FROM `reviews` AS `Review` WHERE `Review`.`status` = 'APPROVED' ORDER BY `createdAt` DESC LIMIT 0, 100;
Executing (default): SELECT `id`, `full_name` AS `fullName`, `phone`, `email`, `customer_code` AS `customerCode`, `password_hash` AS `passwordHash`, `preferred_barber_id` AS `preferredBarberId`, `favorite_service_id` AS `favoriteServiceId`, `avatar_url` AS `avatarUrl`, `reminder_opt_in` AS `reminderOptIn`, `is_active` AS `isActive`, `last_login_at` AS `lastLoginAt`, `created_at` AS `createdAt`, `updated_at` AS `updatedAt` FROM `customers` AS `Customer` WHERE `Customer`.`id` = 1;
[0mGET /api/reviews?approved=true&page=1&perPage=100 [36m304[0m 4.792 ms - -[0m
[0mGET /api/account/me [36m304[0m 3.497 ms - -[0m
Executing (default): SELECT `id`, `name`, `email`, `password`, `role`, `is_active` AS `isActive`, `created_at` AS `createdAt`, `updated_at` AS `updatedAt` FROM `admins` AS `Admin` WHERE `Admin`.`id` = 1;
Executing (default): SELECT count(*) AS `count` FROM `customers` AS `Customer` WHERE `Customer`.`is_active` = true;
Executing (default): SELECT `id`, `full_name` AS `fullName`, `phone`, `email`, `customer_code` AS `customerCode`, `password_hash` AS `passwordHash`, `preferred_barber_id` AS `preferredBarberId`, `favorite_service_id` AS `favoriteServiceId`, `avatar_url` AS `avatarUrl`, `reminder_opt_in` AS `reminderOptIn`, `is_active` AS `isActive`, `last_login_at` AS `lastLoginAt`, `created_at` AS `createdAt`, `updated_at` AS `updatedAt` FROM `customers` AS `Customer` WHERE `Customer`.`is_active` = true ORDER BY `createdAt` DESC LIMIT 0, 12;
Executing (default): SELECT `Appointment`.`id`, `Appointment`.`status`, `payment`.`id` AS `payment.id`, `payment`.`status` AS `payment.status`, `payment`.`amount` AS `payment.amount` FROM `appointments` AS `Appointment` LEFT OUTER JOIN `payments` AS `payment` ON `Appointment`.`id` = `payment`.`appointment_id` WHERE `Appointment`.`customer_id` = 2;
Executing (default): SELECT `Appointment`.`id`, `Appointment`.`status`, `payment`.`id` AS `payment.id`, `payment`.`status` AS `payment.status`, `payment`.`amount` AS `payment.amount` FROM `appointments` AS `Appointment` LEFT OUTER JOIN `payments` AS `payment` ON `Appointment`.`id` = `payment`.`appointment_id` WHERE `Appointment`.`customer_id` = 1;
Executing (default): SELECT `Appointment`.`id`, `Appointment`.`reference_code` AS `referenceCode`, `Appointment`.`customer_name` AS `customerName`, `Appointment`.`customer_phone` AS `customerPhone`, `Appointment`.`customer_email` AS `customerEmail`, `Appointment`.`customer_id` AS `customerId`, `Appointment`.`service_id` AS `serviceId`, `Appointment`.`barber_id` AS `barberId`, `Appointment`.`appointment_date` AS `appointmentDate`, `Appointment`.`appointment_time` AS `appointmentTime`, `Appointment`.`total_amount` AS `totalAmount`, `Appointment`.`notes`, `Appointment`.`service_started_at` AS `serviceStartedAt`, `Appointment`.`completed_at` AS `completedAt`, `Appointment`.`cancelled_at` AS `cancelledAt`, `Appointment`.`cancellation_reason` AS `cancellationReason`, `Appointment`.`cancelled_by` AS `cancelledBy`, `Appointment`.`status`, `Appointment`.`created_at` AS `createdAt`, `Appointment`.`updated_at` AS `updatedAt`, `payment`.`id` AS `payment.id`, `payment`.`status` AS `payment.status`, `service`.`id` AS `service.id`, `service`.`name` AS `service.name`, `barber`.`id` AS `barber.id`, `barber`.`name` AS `barber.name` FROM `appointments` AS `Appointment` LEFT OUTER JOIN `payments` AS `payment` ON `Appointment`.`id` = `payment`.`appointment_id` LEFT OUTER JOIN `services` AS `service` ON `Appointment`.`service_id` = `service`.`id` LEFT OUTER JOIN `barbers` AS `barber` ON `Appointment`.`barber_id` = `barber`.`id` WHERE `Appointment`.`customer_id` = 2 ORDER BY `appointmentDate` DESC, `appointmentTime` DESC LIMIT 1;
Executing (default): SELECT `Appointment`.`id`, `Appointment`.`reference_code` AS `referenceCode`, `Appointment`.`customer_name` AS `customerName`, `Appointment`.`customer_phone` AS `customerPhone`, `Appointment`.`customer_email` AS `customerEmail`, `Appointment`.`customer_id` AS `customerId`, `Appointment`.`service_id` AS `serviceId`, `Appointment`.`barber_id` AS `barberId`, `Appointment`.`appointment_date` AS `appointmentDate`, `Appointment`.`appointment_time` AS `appointmentTime`, `Appointment`.`total_amount` AS `totalAmount`, `Appointment`.`notes`, `Appointment`.`service_started_at` AS `serviceStartedAt`, `Appointment`.`completed_at` AS `completedAt`, `Appointment`.`cancelled_at` AS `cancelledAt`, `Appointment`.`cancellation_reason` AS `cancellationReason`, `Appointment`.`cancelled_by` AS `cancelledBy`, `Appointment`.`status`, `Appointment`.`created_at` AS `createdAt`, `Appointment`.`updated_at` AS `updatedAt`, `payment`.`id` AS `payment.id`, `payment`.`status` AS `payment.status`, `service`.`id` AS `service.id`, `service`.`name` AS `service.name`, `barber`.`id` AS `barber.id`, `barber`.`name` AS `barber.name` FROM `appointments` AS `Appointment` LEFT OUTER JOIN `payments` AS `payment` ON `Appointment`.`id` = `payment`.`appointment_id` LEFT OUTER JOIN `services` AS `service` ON `Appointment`.`service_id` = `service`.`id` LEFT OUTER JOIN `barbers` AS `barber` ON `Appointment`.`barber_id` = `barber`.`id` WHERE `Appointment`.`customer_id` = 1 ORDER BY `appointmentDate` DESC, `appointmentTime` DESC LIMIT 1;
[0mGET /api/admin/customers?page=1&perPage=12 [36m304[0m 14.621 ms - -[0m
Executing (default): SELECT `id`, `name`, `email`, `password`, `role`, `is_active` AS `isActive`, `created_at` AS `createdAt`, `updated_at` AS `updatedAt` FROM `admins` AS `Admin` WHERE `Admin`.`id` = 1;
Executing (default): SELECT count(*) AS `count` FROM `customers` AS `Customer` WHERE `Customer`.`is_active` = true;
Executing (default): SELECT `id`, `full_name` AS `fullName`, `phone`, `email`, `customer_code` AS `customerCode`, `password_hash` AS `passwordHash`, `preferred_barber_id` AS `preferredBarberId`, `favorite_service_id` AS `favoriteServiceId`, `avatar_url` AS `avatarUrl`, `reminder_opt_in` AS `reminderOptIn`, `is_active` AS `isActive`, `last_login_at` AS `lastLoginAt`, `created_at` AS `createdAt`, `updated_at` AS `updatedAt` FROM `customers` AS `Customer` WHERE `Customer`.`is_active` = true ORDER BY `createdAt` DESC LIMIT 0, 12;
Executing (default): SELECT `Appointment`.`id`, `Appointment`.`status`, `payment`.`id` AS `payment.id`, `payment`.`status` AS `payment.status`, `payment`.`amount` AS `payment.amount` FROM `appointments` AS `Appointment` LEFT OUTER JOIN `payments` AS `payment` ON `Appointment`.`id` = `payment`.`appointment_id` WHERE `Appointment`.`customer_id` = 2;
Executing (default): SELECT `Appointment`.`id`, `Appointment`.`status`, `payment`.`id` AS `payment.id`, `payment`.`status` AS `payment.status`, `payment`.`amount` AS `payment.amount` FROM `appointments` AS `Appointment` LEFT OUTER JOIN `payments` AS `payment` ON `Appointment`.`id` = `payment`.`appointment_id` WHERE `Appointment`.`customer_id` = 1;
Executing (default): SELECT `Appointment`.`id`, `Appointment`.`reference_code` AS `referenceCode`, `Appointment`.`customer_name` AS `customerName`, `Appointment`.`customer_phone` AS `customerPhone`, `Appointment`.`customer_email` AS `customerEmail`, `Appointment`.`customer_id` AS `customerId`, `Appointment`.`service_id` AS `serviceId`, `Appointment`.`barber_id` AS `barberId`, `Appointment`.`appointment_date` AS `appointmentDate`, `Appointment`.`appointment_time` AS `appointmentTime`, `Appointment`.`total_amount` AS `totalAmount`, `Appointment`.`notes`, `Appointment`.`service_started_at` AS `serviceStartedAt`, `Appointment`.`completed_at` AS `completedAt`, `Appointment`.`cancelled_at` AS `cancelledAt`, `Appointment`.`cancellation_reason` AS `cancellationReason`, `Appointment`.`cancelled_by` AS `cancelledBy`, `Appointment`.`status`, `Appointment`.`created_at` AS `createdAt`, `Appointment`.`updated_at` AS `updatedAt`, `payment`.`id` AS `payment.id`, `payment`.`status` AS `payment.status`, `service`.`id` AS `service.id`, `service`.`name` AS `service.name`, `barber`.`id` AS `barber.id`, `barber`.`name` AS `barber.name` FROM `appointments` AS `Appointment` LEFT OUTER JOIN `payments` AS `payment` ON `Appointment`.`id` = `payment`.`appointment_id` LEFT OUTER JOIN `services` AS `service` ON `Appointment`.`service_id` = `service`.`id` LEFT OUTER JOIN `barbers` AS `barber` ON `Appointment`.`barber_id` = `barber`.`id` WHERE `Appointment`.`customer_id` = 2 ORDER BY `appointmentDate` DESC, `appointmentTime` DESC LIMIT 1;
Executing (default): SELECT `Appointment`.`id`, `Appointment`.`reference_code` AS `referenceCode`, `Appointment`.`customer_name` AS `customerName`, `Appointment`.`customer_phone` AS `customerPhone`, `Appointment`.`customer_email` AS `customerEmail`, `Appointment`.`customer_id` AS `customerId`, `Appointment`.`service_id` AS `serviceId`, `Appointment`.`barber_id` AS `barberId`, `Appointment`.`appointment_date` AS `appointmentDate`, `Appointment`.`appointment_time` AS `appointmentTime`, `Appointment`.`total_amount` AS `totalAmount`, `Appointment`.`notes`, `Appointment`.`service_started_at` AS `serviceStartedAt`, `Appointment`.`completed_at` AS `completedAt`, `Appointment`.`cancelled_at` AS `cancelledAt`, `Appointment`.`cancellation_reason` AS `cancellationReason`, `Appointment`.`cancelled_by` AS `cancelledBy`, `Appointment`.`status`, `Appointment`.`created_at` AS `createdAt`, `Appointment`.`updated_at` AS `updatedAt`, `payment`.`id` AS `payment.id`, `payment`.`status` AS `payment.status`, `service`.`id` AS `service.id`, `service`.`name` AS `service.name`, `barber`.`id` AS `barber.id`, `barber`.`name` AS `barber.name` FROM `appointments` AS `Appointment` LEFT OUTER JOIN `payments` AS `payment` ON `Appointment`.`id` = `payment`.`appointment_id` LEFT OUTER JOIN `services` AS `service` ON `Appointment`.`service_id` = `service`.`id` LEFT OUTER JOIN `barbers` AS `barber` ON `Appointment`.`barber_id` = `barber`.`id` WHERE `Appointment`.`customer_id` = 1 ORDER BY `appointmentDate` DESC, `appointmentTime` DESC LIMIT 1;
[0mGET /api/admin/customers?page=1&perPage=12 [36m304[0m 7.167 ms - -[0m
Executing (default): SELECT count(`Gallery`.`id`) AS `count` FROM `gallery` AS `Gallery` LEFT OUTER JOIN `barbers` AS `barber` ON `Gallery`.`barber_id` = `barber`.`id`;
Executing (default): SELECT `Gallery`.`id`, `Gallery`.`title`, `Gallery`.`image`, `Gallery`.`category`, `Gallery`.`barber_id` AS `barberId`, `Gallery`.`created_at` AS `createdAt`, `Gallery`.`updated_at` AS `updatedAt`, `barber`.`id` AS `barber.id`, `barber`.`name` AS `barber.name` FROM `gallery` AS `Gallery` LEFT OUTER JOIN `barbers` AS `barber` ON `Gallery`.`barber_id` = `barber`.`id` ORDER BY `createdAt` DESC LIMIT 0, 100;
Executing (default): SELECT count(*) AS `count` FROM `reviews` AS `Review` WHERE `Review`.`status` = 'APPROVED';
Executing (default): SELECT `id`, `customer_name` AS `customerName`, `customer_phone` AS `customerPhone`, `customer_email` AS `customerEmail`, `customer_image` AS `customerImage`, `service_id` AS `serviceId`, `service_name` AS `serviceName`, `rating`, `comment`, `status`, `is_approved` AS `isApproved`, `created_at` AS `createdAt`, `updated_at` AS `updatedAt` FROM `reviews` AS `Review` WHERE `Review`.`status` = 'APPROVED' ORDER BY `createdAt` DESC LIMIT 0, 100;
Executing (default): SELECT `id`, `full_name` AS `fullName`, `phone`, `email`, `customer_code` AS `customerCode`, `password_hash` AS `passwordHash`, `preferred_barber_id` AS `preferredBarberId`, `favorite_service_id` AS `favoriteServiceId`, `avatar_url` AS `avatarUrl`, `reminder_opt_in` AS `reminderOptIn`, `is_active` AS `isActive`, `last_login_at` AS `lastLoginAt`, `created_at` AS `createdAt`, `updated_at` AS `updatedAt` FROM `customers` AS `Customer` WHERE `Customer`.`id` = 1;
[0mGET /api/gallery?page=1&perPage=100 [36m304[0m 4.763 ms - -[0m
[0mGET /api/reviews?approved=true&page=1&perPage=100 [36m304[0m 3.997 ms - -[0m
[0mGET /api/account/me [36m304[0m 4.753 ms - -[0m
Executing (default): SELECT count(`Gallery`.`id`) AS `count` FROM `gallery` AS `Gallery` LEFT OUTER JOIN `barbers` AS `barber` ON `Gallery`.`barber_id` = `barber`.`id`;
Executing (default): SELECT `Gallery`.`id`, `Gallery`.`title`, `Gallery`.`image`, `Gallery`.`category`, `Gallery`.`barber_id` AS `barberId`, `Gallery`.`created_at` AS `createdAt`, `Gallery`.`updated_at` AS `updatedAt`, `barber`.`id` AS `barber.id`, `barber`.`name` AS `barber.name` FROM `gallery` AS `Gallery` LEFT OUTER JOIN `barbers` AS `barber` ON `Gallery`.`barber_id` = `barber`.`id` ORDER BY `createdAt` DESC LIMIT 0, 100;
Executing (default): SELECT count(*) AS `count` FROM `reviews` AS `Review` WHERE `Review`.`status` = 'APPROVED';
Executing (default): SELECT `id`, `customer_name` AS `customerName`, `customer_phone` AS `customerPhone`, `customer_email` AS `customerEmail`, `customer_image` AS `customerImage`, `service_id` AS `serviceId`, `service_name` AS `serviceName`, `rating`, `comment`, `status`, `is_approved` AS `isApproved`, `created_at` AS `createdAt`, `updated_at` AS `updatedAt` FROM `reviews` AS `Review` WHERE `Review`.`status` = 'APPROVED' ORDER BY `createdAt` DESC LIMIT 0, 100;
Executing (default): SELECT `id`, `full_name` AS `fullName`, `phone`, `email`, `customer_code` AS `customerCode`, `password_hash` AS `passwordHash`, `preferred_barber_id` AS `preferredBarberId`, `favorite_service_id` AS `favoriteServiceId`, `avatar_url` AS `avatarUrl`, `reminder_opt_in` AS `reminderOptIn`, `is_active` AS `isActive`, `last_login_at` AS `lastLoginAt`, `created_at` AS `createdAt`, `updated_at` AS `updatedAt` FROM `customers` AS `Customer` WHERE `Customer`.`id` = 1;
[0mGET /api/gallery?page=1&perPage=100 [36m304[0m 4.632 ms - -[0m
[0mGET /api/reviews?approved=true&page=1&perPage=100 [36m304[0m 4.700 ms - -[0m
[0mGET /api/account/me [36m304[0m 4.482 ms - -[0m
Executing (default): SELECT `id`, `name`, `email`, `password`, `role`, `is_active` AS `isActive`, `created_at` AS `createdAt`, `updated_at` AS `updatedAt` FROM `admins` AS `Admin` WHERE `Admin`.`id` = 1;
Executing (default): SELECT count(*) AS `count` FROM `customers` AS `Customer` WHERE `Customer`.`is_active` = true;
Executing (default): SELECT `id`, `full_name` AS `fullName`, `phone`, `email`, `customer_code` AS `customerCode`, `password_hash` AS `passwordHash`, `preferred_barber_id` AS `preferredBarberId`, `favorite_service_id` AS `favoriteServiceId`, `avatar_url` AS `avatarUrl`, `reminder_opt_in` AS `reminderOptIn`, `is_active` AS `isActive`, `last_login_at` AS `lastLoginAt`, `created_at` AS `createdAt`, `updated_at` AS `updatedAt` FROM `customers` AS `Customer` WHERE `Customer`.`is_active` = true ORDER BY `createdAt` DESC LIMIT 0, 12;
Executing (default): SELECT `Appointment`.`id`, `Appointment`.`status`, `payment`.`id` AS `payment.id`, `payment`.`status` AS `payment.status`, `payment`.`amount` AS `payment.amount` FROM `appointments` AS `Appointment` LEFT OUTER JOIN `payments` AS `payment` ON `Appointment`.`id` = `payment`.`appointment_id` WHERE `Appointment`.`customer_id` = 2;
Executing (default): SELECT `Appointment`.`id`, `Appointment`.`status`, `payment`.`id` AS `payment.id`, `payment`.`status` AS `payment.status`, `payment`.`amount` AS `payment.amount` FROM `appointments` AS `Appointment` LEFT OUTER JOIN `payments` AS `payment` ON `Appointment`.`id` = `payment`.`appointment_id` WHERE `Appointment`.`customer_id` = 1;
Executing (default): SELECT `Appointment`.`id`, `Appointment`.`reference_code` AS `referenceCode`, `Appointment`.`customer_name` AS `customerName`, `Appointment`.`customer_phone` AS `customerPhone`, `Appointment`.`customer_email` AS `customerEmail`, `Appointment`.`customer_id` AS `customerId`, `Appointment`.`service_id` AS `serviceId`, `Appointment`.`barber_id` AS `barberId`, `Appointment`.`appointment_date` AS `appointmentDate`, `Appointment`.`appointment_time` AS `appointmentTime`, `Appointment`.`total_amount` AS `totalAmount`, `Appointment`.`notes`, `Appointment`.`service_started_at` AS `serviceStartedAt`, `Appointment`.`completed_at` AS `completedAt`, `Appointment`.`cancelled_at` AS `cancelledAt`, `Appointment`.`cancellation_reason` AS `cancellationReason`, `Appointment`.`cancelled_by` AS `cancelledBy`, `Appointment`.`status`, `Appointment`.`created_at` AS `createdAt`, `Appointment`.`updated_at` AS `updatedAt`, `payment`.`id` AS `payment.id`, `payment`.`status` AS `payment.status`, `service`.`id` AS `service.id`, `service`.`name` AS `service.name`, `barber`.`id` AS `barber.id`, `barber`.`name` AS `barber.name` FROM `appointments` AS `Appointment` LEFT OUTER JOIN `payments` AS `payment` ON `Appointment`.`id` = `payment`.`appointment_id` LEFT OUTER JOIN `services` AS `service` ON `Appointment`.`service_id` = `service`.`id` LEFT OUTER JOIN `barbers` AS `barber` ON `Appointment`.`barber_id` = `barber`.`id` WHERE `Appointment`.`customer_id` = 2 ORDER BY `appointmentDate` DESC, `appointmentTime` DESC LIMIT 1;
Executing (default): SELECT `Appointment`.`id`, `Appointment`.`reference_code` AS `referenceCode`, `Appointment`.`customer_name` AS `customerName`, `Appointment`.`customer_phone` AS `customerPhone`, `Appointment`.`customer_email` AS `customerEmail`, `Appointment`.`customer_id` AS `customerId`, `Appointment`.`service_id` AS `serviceId`, `Appointment`.`barber_id` AS `barberId`, `Appointment`.`appointment_date` AS `appointmentDate`, `Appointment`.`appointment_time` AS `appointmentTime`, `Appointment`.`total_amount` AS `totalAmount`, `Appointment`.`notes`, `Appointment`.`service_started_at` AS `serviceStartedAt`, `Appointment`.`completed_at` AS `completedAt`, `Appointment`.`cancelled_at` AS `cancelledAt`, `Appointment`.`cancellation_reason` AS `cancellationReason`, `Appointment`.`cancelled_by` AS `cancelledBy`, `Appointment`.`status`, `Appointment`.`created_at` AS `createdAt`, `Appointment`.`updated_at` AS `updatedAt`, `payment`.`id` AS `payment.id`, `payment`.`status` AS `payment.status`, `service`.`id` AS `service.id`, `service`.`name` AS `service.name`, `barber`.`id` AS `barber.id`, `barber`.`name` AS `barber.name` FROM `appointments` AS `Appointment` LEFT OUTER JOIN `payments` AS `payment` ON `Appointment`.`id` = `payment`.`appointment_id` LEFT OUTER JOIN `services` AS `service` ON `Appointment`.`service_id` = `service`.`id` LEFT OUTER JOIN `barbers` AS `barber` ON `Appointment`.`barber_id` = `barber`.`id` WHERE `Appointment`.`customer_id` = 1 ORDER BY `appointmentDate` DESC, `appointmentTime` DESC LIMIT 1;
[0mGET /api/admin/customers?page=1&perPage=12 [36m304[0m 13.659 ms - -[0m
Executing (default): SELECT `id`, `name`, `email`, `password`, `role`, `is_active` AS `isActive`, `created_at` AS `createdAt`, `updated_at` AS `updatedAt` FROM `admins` AS `Admin` WHERE `Admin`.`id` = 1;
Executing (default): SELECT count(*) AS `count` FROM `customers` AS `Customer` WHERE `Customer`.`is_active` = true;
Executing (default): SELECT `id`, `full_name` AS `fullName`, `phone`, `email`, `customer_code` AS `customerCode`, `password_hash` AS `passwordHash`, `preferred_barber_id` AS `preferredBarberId`, `favorite_service_id` AS `favoriteServiceId`, `avatar_url` AS `avatarUrl`, `reminder_opt_in` AS `reminderOptIn`, `is_active` AS `isActive`, `last_login_at` AS `lastLoginAt`, `created_at` AS `createdAt`, `updated_at` AS `updatedAt` FROM `customers` AS `Customer` WHERE `Customer`.`is_active` = true ORDER BY `createdAt` DESC LIMIT 0, 12;
Executing (default): SELECT `Appointment`.`id`, `Appointment`.`status`, `payment`.`id` AS `payment.id`, `payment`.`status` AS `payment.status`, `payment`.`amount` AS `payment.amount` FROM `appointments` AS `Appointment` LEFT OUTER JOIN `payments` AS `payment` ON `Appointment`.`id` = `payment`.`appointment_id` WHERE `Appointment`.`customer_id` = 2;
Executing (default): SELECT `Appointment`.`id`, `Appointment`.`status`, `payment`.`id` AS `payment.id`, `payment`.`status` AS `payment.status`, `payment`.`amount` AS `payment.amount` FROM `appointments` AS `Appointment` LEFT OUTER JOIN `payments` AS `payment` ON `Appointment`.`id` = `payment`.`appointment_id` WHERE `Appointment`.`customer_id` = 1;
Executing (default): SELECT `Appointment`.`id`, `Appointment`.`reference_code` AS `referenceCode`, `Appointment`.`customer_name` AS `customerName`, `Appointment`.`customer_phone` AS `customerPhone`, `Appointment`.`customer_email` AS `customerEmail`, `Appointment`.`customer_id` AS `customerId`, `Appointment`.`service_id` AS `serviceId`, `Appointment`.`barber_id` AS `barberId`, `Appointment`.`appointment_date` AS `appointmentDate`, `Appointment`.`appointment_time` AS `appointmentTime`, `Appointment`.`total_amount` AS `totalAmount`, `Appointment`.`notes`, `Appointment`.`service_started_at` AS `serviceStartedAt`, `Appointment`.`completed_at` AS `completedAt`, `Appointment`.`cancelled_at` AS `cancelledAt`, `Appointment`.`cancellation_reason` AS `cancellationReason`, `Appointment`.`cancelled_by` AS `cancelledBy`, `Appointment`.`status`, `Appointment`.`created_at` AS `createdAt`, `Appointment`.`updated_at` AS `updatedAt`, `payment`.`id` AS `payment.id`, `payment`.`status` AS `payment.status`, `service`.`id` AS `service.id`, `service`.`name` AS `service.name`, `barber`.`id` AS `barber.id`, `barber`.`name` AS `barber.name` FROM `appointments` AS `Appointment` LEFT OUTER JOIN `payments` AS `payment` ON `Appointment`.`id` = `payment`.`appointment_id` LEFT OUTER JOIN `services` AS `service` ON `Appointment`.`service_id` = `service`.`id` LEFT OUTER JOIN `barbers` AS `barber` ON `Appointment`.`barber_id` = `barber`.`id` WHERE `Appointment`.`customer_id` = 2 ORDER BY `appointmentDate` DESC, `appointmentTime` DESC LIMIT 1;
Executing (default): SELECT `Appointment`.`id`, `Appointment`.`reference_code` AS `referenceCode`, `Appointment`.`customer_name` AS `customerName`, `Appointment`.`customer_phone` AS `customerPhone`, `Appointment`.`customer_email` AS `customerEmail`, `Appointment`.`customer_id` AS `customerId`, `Appointment`.`service_id` AS `serviceId`, `Appointment`.`barber_id` AS `barberId`, `Appointment`.`appointment_date` AS `appointmentDate`, `Appointment`.`appointment_time` AS `appointmentTime`, `Appointment`.`total_amount` AS `totalAmount`, `Appointment`.`notes`, `Appointment`.`service_started_at` AS `serviceStartedAt`, `Appointment`.`completed_at` AS `completedAt`, `Appointment`.`cancelled_at` AS `cancelledAt`, `Appointment`.`cancellation_reason` AS `cancellationReason`, `Appointment`.`cancelled_by` AS `cancelledBy`, `Appointment`.`status`, `Appointment`.`created_at` AS `createdAt`, `Appointment`.`updated_at` AS `updatedAt`, `payment`.`id` AS `payment.id`, `payment`.`status` AS `payment.status`, `service`.`id` AS `service.id`, `service`.`name` AS `service.name`, `barber`.`id` AS `barber.id`, `barber`.`name` AS `barber.name` FROM `appointments` AS `Appointment` LEFT OUTER JOIN `payments` AS `payment` ON `Appointment`.`id` = `payment`.`appointment_id` LEFT OUTER JOIN `services` AS `service` ON `Appointment`.`service_id` = `service`.`id` LEFT OUTER JOIN `barbers` AS `barber` ON `Appointment`.`barber_id` = `barber`.`id` WHERE `Appointment`.`customer_id` = 1 ORDER BY `appointmentDate` DESC, `appointmentTime` DESC LIMIT 1;
[0mGET /api/admin/customers?page=1&perPage=12 [36m304[0m 10.368 ms - -[0m
Executing (default): SELECT count(DISTINCT(`Barber`.`id`)) AS `count` FROM `barbers` AS `Barber` LEFT OUTER JOIN ( `barber_services` AS `services->BarberService` INNER JOIN `services` AS `services` ON `services`.`id` = `services->BarberService`.`service_id`) ON `Barber`.`id` = `services->BarberService`.`barber_id`;
Executing (default): SELECT `Barber`.*, `services`.`id` AS `services.id`, `services`.`name` AS `services.name`, `services`.`slug` AS `services.slug`, `services`.`description` AS `services.description`, `services`.`price` AS `services.price`, `services`.`duration` AS `services.duration`, `services`.`image` AS `services.image`, `services`.`category` AS `services.category`, `services`.`is_active` AS `services.isActive`, `services`.`created_at` AS `services.createdAt`, `services`.`updated_at` AS `services.updatedAt` FROM (SELECT `Barber`.`id`, `Barber`.`name`, `Barber`.`slug`, `Barber`.`image`, `Barber`.`phone`, `Barber`.`email`, `Barber`.`specialty`, `Barber`.`biography`, `Barber`.`experience`, `Barber`.`rating`, `Barber`.`is_active` AS `isActive`, `Barber`.`created_at` AS `createdAt`, `Barber`.`updated_at` AS `updatedAt` FROM `barbers` AS `Barber` ORDER BY `Barber`.`name` ASC LIMIT 0, 12) AS `Barber` LEFT OUTER JOIN ( `barber_services` AS `services->BarberService` INNER JOIN `services` AS `services` ON `services`.`id` = `services->BarberService`.`service_id`) ON `Barber`.`id` = `services->BarberService`.`barber_id` ORDER BY `Barber`.`name` ASC;
Executing (default): SELECT count(*) AS `count` FROM `services` AS `Service` WHERE `Service`.`is_active` = true;
Executing (default): SELECT `id`, `name`, `slug`, `description`, `price`, `duration`, `image`, `category`, `is_active` AS `isActive`, `created_at` AS `createdAt`, `updated_at` AS `updatedAt` FROM `services` AS `Service` WHERE `Service`.`is_active` = true ORDER BY `Service`.`name` ASC LIMIT 0, 100;
[0mGET /api/services?page=1&perPage=100 [32m200[0m 11.307 ms - 2251[0m
Executing (default): SELECT `barber_id` AS `barberId`, COUNT(`Appointment`.`id`) AS `count` FROM `appointments` AS `Appointment` GROUP BY `barberId`;
Executing (default): SELECT count(*) AS `count` FROM `services` AS `Service` WHERE `Service`.`is_active` = true;
Executing (default): SELECT `id`, `name`, `slug`, `description`, `price`, `duration`, `image`, `category`, `is_active` AS `isActive`, `created_at` AS `createdAt`, `updated_at` AS `updatedAt` FROM `services` AS `Service` WHERE `Service`.`is_active` = true ORDER BY `Service`.`name` ASC LIMIT 0, 100;
[0mGET /api/barbers?page=1&perPage=12&includeInactive=true [32m200[0m 23.738 ms - 932[0m
[0mGET /api/services?page=1&perPage=100 [36m304[0m 3.830 ms - -[0m
Executing (default): SELECT count(DISTINCT(`Barber`.`id`)) AS `count` FROM `barbers` AS `Barber` LEFT OUTER JOIN ( `barber_services` AS `services->BarberService` INNER JOIN `services` AS `services` ON `services`.`id` = `services->BarberService`.`service_id`) ON `Barber`.`id` = `services->BarberService`.`barber_id`;
Executing (default): SELECT `Barber`.*, `services`.`id` AS `services.id`, `services`.`name` AS `services.name`, `services`.`slug` AS `services.slug`, `services`.`description` AS `services.description`, `services`.`price` AS `services.price`, `services`.`duration` AS `services.duration`, `services`.`image` AS `services.image`, `services`.`category` AS `services.category`, `services`.`is_active` AS `services.isActive`, `services`.`created_at` AS `services.createdAt`, `services`.`updated_at` AS `services.updatedAt` FROM (SELECT `Barber`.`id`, `Barber`.`name`, `Barber`.`slug`, `Barber`.`image`, `Barber`.`phone`, `Barber`.`email`, `Barber`.`specialty`, `Barber`.`biography`, `Barber`.`experience`, `Barber`.`rating`, `Barber`.`is_active` AS `isActive`, `Barber`.`created_at` AS `createdAt`, `Barber`.`updated_at` AS `updatedAt` FROM `barbers` AS `Barber` ORDER BY `Barber`.`name` ASC LIMIT 0, 12) AS `Barber` LEFT OUTER JOIN ( `barber_services` AS `services->BarberService` INNER JOIN `services` AS `services` ON `services`.`id` = `services->BarberService`.`service_id`) ON `Barber`.`id` = `services->BarberService`.`barber_id` ORDER BY `Barber`.`name` ASC;
Executing (default): SELECT `barber_id` AS `barberId`, COUNT(`Appointment`.`id`) AS `count` FROM `appointments` AS `Appointment` GROUP BY `barberId`;
[0mGET /api/barbers?page=1&perPage=12&includeInactive=true [36m304[0m 10.575 ms - -[0m
Executing (default): SELECT count(`Gallery`.`id`) AS `count` FROM `gallery` AS `Gallery` LEFT OUTER JOIN `barbers` AS `barber` ON `Gallery`.`barber_id` = `barber`.`id`;
Executing (default): SELECT `Gallery`.`id`, `Gallery`.`title`, `Gallery`.`image`, `Gallery`.`category`, `Gallery`.`barber_id` AS `barberId`, `Gallery`.`created_at` AS `createdAt`, `Gallery`.`updated_at` AS `updatedAt`, `barber`.`id` AS `barber.id`, `barber`.`name` AS `barber.name` FROM `gallery` AS `Gallery` LEFT OUTER JOIN `barbers` AS `barber` ON `Gallery`.`barber_id` = `barber`.`id` ORDER BY `createdAt` DESC LIMIT 0, 100;
Executing (default): SELECT count(*) AS `count` FROM `reviews` AS `Review` WHERE `Review`.`status` = 'APPROVED';
Executing (default): SELECT `id`, `customer_name` AS `customerName`, `customer_phone` AS `customerPhone`, `customer_email` AS `customerEmail`, `customer_image` AS `customerImage`, `service_id` AS `serviceId`, `service_name` AS `serviceName`, `rating`, `comment`, `status`, `is_approved` AS `isApproved`, `created_at` AS `createdAt`, `updated_at` AS `updatedAt` FROM `reviews` AS `Review` WHERE `Review`.`status` = 'APPROVED' ORDER BY `createdAt` DESC LIMIT 0, 100;
[0mGET /api/gallery?page=1&perPage=100 [36m304[0m 10.375 ms - -[0m
[0mGET /api/reviews?approved=true&page=1&perPage=100 [36m304[0m 9.801 ms - -[0m
Executing (default): SELECT count(`Gallery`.`id`) AS `count` FROM `gallery` AS `Gallery` LEFT OUTER JOIN `barbers` AS `barber` ON `Gallery`.`barber_id` = `barber`.`id`;
Executing (default): SELECT `Gallery`.`id`, `Gallery`.`title`, `Gallery`.`image`, `Gallery`.`category`, `Gallery`.`barber_id` AS `barberId`, `Gallery`.`created_at` AS `createdAt`, `Gallery`.`updated_at` AS `updatedAt`, `barber`.`id` AS `barber.id`, `barber`.`name` AS `barber.name` FROM `gallery` AS `Gallery` LEFT OUTER JOIN `barbers` AS `barber` ON `Gallery`.`barber_id` = `barber`.`id` ORDER BY `createdAt` DESC LIMIT 0, 100;
[0mGET /api/gallery?page=1&perPage=100 [36m304[0m 2.895 ms - -[0m
Executing (default): SELECT count(*) AS `count` FROM `reviews` AS `Review` WHERE `Review`.`status` = 'APPROVED';
Executing (default): SELECT `id`, `customer_name` AS `customerName`, `customer_phone` AS `customerPhone`, `customer_email` AS `customerEmail`, `customer_image` AS `customerImage`, `service_id` AS `serviceId`, `service_name` AS `serviceName`, `rating`, `comment`, `status`, `is_approved` AS `isApproved`, `created_at` AS `createdAt`, `updated_at` AS `updatedAt` FROM `reviews` AS `Review` WHERE `Review`.`status` = 'APPROVED' ORDER BY `createdAt` DESC LIMIT 0, 100;
[0mGET /api/reviews?approved=true&page=1&perPage=100 [36m304[0m 2.050 ms - -[0m
[0mGET /health [32m200[0m 0.614 ms - 54[0m
Executing (default): SELECT count(`Gallery`.`id`) AS `count` FROM `gallery` AS `Gallery` LEFT OUTER JOIN `barbers` AS `barber` ON `Gallery`.`barber_id` = `barber`.`id`;
Executing (default): SELECT `Gallery`.`id`, `Gallery`.`title`, `Gallery`.`image`, `Gallery`.`category`, `Gallery`.`barber_id` AS `barberId`, `Gallery`.`created_at` AS `createdAt`, `Gallery`.`updated_at` AS `updatedAt`, `barber`.`id` AS `barber.id`, `barber`.`name` AS `barber.name` FROM `gallery` AS `Gallery` LEFT OUTER JOIN `barbers` AS `barber` ON `Gallery`.`barber_id` = `barber`.`id` ORDER BY `createdAt` DESC LIMIT 0, 100;
Executing (default): SELECT count(*) AS `count` FROM `reviews` AS `Review` WHERE `Review`.`status` = 'APPROVED';
Executing (default): SELECT `id`, `customer_name` AS `customerName`, `customer_phone` AS `customerPhone`, `customer_email` AS `customerEmail`, `customer_image` AS `customerImage`, `service_id` AS `serviceId`, `service_name` AS `serviceName`, `rating`, `comment`, `status`, `is_approved` AS `isApproved`, `created_at` AS `createdAt`, `updated_at` AS `updatedAt` FROM `reviews` AS `Review` WHERE `Review`.`status` = 'APPROVED' ORDER BY `createdAt` DESC LIMIT 0, 100;
[0mGET /api/gallery?page=1&perPage=100 [36m304[0m 18.689 ms - -[0m
[0mGET /api/reviews?approved=true&page=1&perPage=100 [36m304[0m 15.530 ms - -[0m
Executing (default): SELECT count(`Gallery`.`id`) AS `count` FROM `gallery` AS `Gallery` LEFT OUTER JOIN `barbers` AS `barber` ON `Gallery`.`barber_id` = `barber`.`id`;
Executing (default): SELECT `Gallery`.`id`, `Gallery`.`title`, `Gallery`.`image`, `Gallery`.`category`, `Gallery`.`barber_id` AS `barberId`, `Gallery`.`created_at` AS `createdAt`, `Gallery`.`updated_at` AS `updatedAt`, `barber`.`id` AS `barber.id`, `barber`.`name` AS `barber.name` FROM `gallery` AS `Gallery` LEFT OUTER JOIN `barbers` AS `barber` ON `Gallery`.`barber_id` = `barber`.`id` ORDER BY `createdAt` DESC LIMIT 0, 100;
Executing (default): SELECT count(*) AS `count` FROM `reviews` AS `Review` WHERE `Review`.`status` = 'APPROVED';
Executing (default): SELECT `id`, `customer_name` AS `customerName`, `customer_phone` AS `customerPhone`, `customer_email` AS `customerEmail`, `customer_image` AS `customerImage`, `service_id` AS `serviceId`, `service_name` AS `serviceName`, `rating`, `comment`, `status`, `is_approved` AS `isApproved`, `created_at` AS `createdAt`, `updated_at` AS `updatedAt` FROM `reviews` AS `Review` WHERE `Review`.`status` = 'APPROVED' ORDER BY `createdAt` DESC LIMIT 0, 100;
[0mGET /api/gallery?page=1&perPage=100 [36m304[0m 4.362 ms - -[0m
[0mGET /api/reviews?approved=true&page=1&perPage=100 [36m304[0m 7.426 ms - -[0m
Executing (default): SELECT count(`Gallery`.`id`) AS `count` FROM `gallery` AS `Gallery` LEFT OUTER JOIN `barbers` AS `barber` ON `Gallery`.`barber_id` = `barber`.`id`;
Executing (default): SELECT `Gallery`.`id`, `Gallery`.`title`, `Gallery`.`image`, `Gallery`.`category`, `Gallery`.`barber_id` AS `barberId`, `Gallery`.`created_at` AS `createdAt`, `Gallery`.`updated_at` AS `updatedAt`, `barber`.`id` AS `barber.id`, `barber`.`name` AS `barber.name` FROM `gallery` AS `Gallery` LEFT OUTER JOIN `barbers` AS `barber` ON `Gallery`.`barber_id` = `barber`.`id` ORDER BY `createdAt` DESC LIMIT 0, 100;
Executing (default): SELECT count(*) AS `count` FROM `reviews` AS `Review` WHERE `Review`.`status` = 'APPROVED';
Executing (default): SELECT `id`, `customer_name` AS `customerName`, `customer_phone` AS `customerPhone`, `customer_email` AS `customerEmail`, `customer_image` AS `customerImage`, `service_id` AS `serviceId`, `service_name` AS `serviceName`, `rating`, `comment`, `status`, `is_approved` AS `isApproved`, `created_at` AS `createdAt`, `updated_at` AS `updatedAt` FROM `reviews` AS `Review` WHERE `Review`.`status` = 'APPROVED' ORDER BY `createdAt` DESC LIMIT 0, 100;
Executing (default): SELECT `id`, `full_name` AS `fullName`, `phone`, `email`, `customer_code` AS `customerCode`, `password_hash` AS `passwordHash`, `preferred_barber_id` AS `preferredBarberId`, `favorite_service_id` AS `favoriteServiceId`, `avatar_url` AS `avatarUrl`, `reminder_opt_in` AS `reminderOptIn`, `is_active` AS `isActive`, `last_login_at` AS `lastLoginAt`, `created_at` AS `createdAt`, `updated_at` AS `updatedAt` FROM `customers` AS `Customer` WHERE `Customer`.`id` = 1;
[0mGET /api/gallery?page=1&perPage=100 [36m304[0m 6.030 ms - -[0m
[0mGET /api/reviews?approved=true&page=1&perPage=100 [36m304[0m 4.760 ms - -[0m
[0mGET /api/account/me [36m304[0m 5.178 ms - -[0m
Executing (default): SELECT count(`Gallery`.`id`) AS `count` FROM `gallery` AS `Gallery` LEFT OUTER JOIN `barbers` AS `barber` ON `Gallery`.`barber_id` = `barber`.`id`;
Executing (default): SELECT `Gallery`.`id`, `Gallery`.`title`, `Gallery`.`image`, `Gallery`.`category`, `Gallery`.`barber_id` AS `barberId`, `Gallery`.`created_at` AS `createdAt`, `Gallery`.`updated_at` AS `updatedAt`, `barber`.`id` AS `barber.id`, `barber`.`name` AS `barber.name` FROM `gallery` AS `Gallery` LEFT OUTER JOIN `barbers` AS `barber` ON `Gallery`.`barber_id` = `barber`.`id` ORDER BY `createdAt` DESC LIMIT 0, 100;
Executing (default): SELECT count(*) AS `count` FROM `reviews` AS `Review` WHERE `Review`.`status` = 'APPROVED';
Executing (default): SELECT `id`, `customer_name` AS `customerName`, `customer_phone` AS `customerPhone`, `customer_email` AS `customerEmail`, `customer_image` AS `customerImage`, `service_id` AS `serviceId`, `service_name` AS `serviceName`, `rating`, `comment`, `status`, `is_approved` AS `isApproved`, `created_at` AS `createdAt`, `updated_at` AS `updatedAt` FROM `reviews` AS `Review` WHERE `Review`.`status` = 'APPROVED' ORDER BY `createdAt` DESC LIMIT 0, 100;
Executing (default): SELECT `id`, `full_name` AS `fullName`, `phone`, `email`, `customer_code` AS `customerCode`, `password_hash` AS `passwordHash`, `preferred_barber_id` AS `preferredBarberId`, `favorite_service_id` AS `favoriteServiceId`, `avatar_url` AS `avatarUrl`, `reminder_opt_in` AS `reminderOptIn`, `is_active` AS `isActive`, `last_login_at` AS `lastLoginAt`, `created_at` AS `createdAt`, `updated_at` AS `updatedAt` FROM `customers` AS `Customer` WHERE `Customer`.`id` = 1;
[0mGET /api/gallery?page=1&perPage=100 [36m304[0m 5.101 ms - -[0m
[0mGET /api/reviews?approved=true&page=1&perPage=100 [36m304[0m 3.227 ms - -[0m
[0mGET /api/account/me [36m304[0m 2.483 ms - -[0m
Executing (default): SELECT count(`Gallery`.`id`) AS `count` FROM `gallery` AS `Gallery` LEFT OUTER JOIN `barbers` AS `barber` ON `Gallery`.`barber_id` = `barber`.`id`;
Executing (default): SELECT `Gallery`.`id`, `Gallery`.`title`, `Gallery`.`image`, `Gallery`.`category`, `Gallery`.`barber_id` AS `barberId`, `Gallery`.`created_at` AS `createdAt`, `Gallery`.`updated_at` AS `updatedAt`, `barber`.`id` AS `barber.id`, `barber`.`name` AS `barber.name` FROM `gallery` AS `Gallery` LEFT OUTER JOIN `barbers` AS `barber` ON `Gallery`.`barber_id` = `barber`.`id` ORDER BY `createdAt` DESC LIMIT 0, 100;
Executing (default): SELECT count(*) AS `count` FROM `reviews` AS `Review` WHERE `Review`.`status` = 'APPROVED';
Executing (default): SELECT `id`, `customer_name` AS `customerName`, `customer_phone` AS `customerPhone`, `customer_email` AS `customerEmail`, `customer_image` AS `customerImage`, `service_id` AS `serviceId`, `service_name` AS `serviceName`, `rating`, `comment`, `status`, `is_approved` AS `isApproved`, `created_at` AS `createdAt`, `updated_at` AS `updatedAt` FROM `reviews` AS `Review` WHERE `Review`.`status` = 'APPROVED' ORDER BY `createdAt` DESC LIMIT 0, 100;
Executing (default): SELECT `id`, `full_name` AS `fullName`, `phone`, `email`, `customer_code` AS `customerCode`, `password_hash` AS `passwordHash`, `preferred_barber_id` AS `preferredBarberId`, `favorite_service_id` AS `favoriteServiceId`, `avatar_url` AS `avatarUrl`, `reminder_opt_in` AS `reminderOptIn`, `is_active` AS `isActive`, `last_login_at` AS `lastLoginAt`, `created_at` AS `createdAt`, `updated_at` AS `updatedAt` FROM `customers` AS `Customer` WHERE `Customer`.`id` = 1;
Executing (default): SELECT count(`Gallery`.`id`) AS `count` FROM `gallery` AS `Gallery` LEFT OUTER JOIN `barbers` AS `barber` ON `Gallery`.`barber_id` = `barber`.`id`;
Executing (default): SELECT `Gallery`.`id`, `Gallery`.`title`, `Gallery`.`image`, `Gallery`.`category`, `Gallery`.`barber_id` AS `barberId`, `Gallery`.`created_at` AS `createdAt`, `Gallery`.`updated_at` AS `updatedAt`, `barber`.`id` AS `barber.id`, `barber`.`name` AS `barber.name` FROM `gallery` AS `Gallery` LEFT OUTER JOIN `barbers` AS `barber` ON `Gallery`.`barber_id` = `barber`.`id` ORDER BY `createdAt` DESC LIMIT 0, 100;
[0mGET /api/gallery?page=1&perPage=100 [32m200[0m 55.120 ms - 693[0m
Executing (default): SELECT count(*) AS `count` FROM `reviews` AS `Review` WHERE `Review`.`status` = 'APPROVED';
Executing (default): SELECT `id`, `customer_name` AS `customerName`, `customer_phone` AS `customerPhone`, `customer_email` AS `customerEmail`, `customer_image` AS `customerImage`, `service_id` AS `serviceId`, `service_name` AS `serviceName`, `rating`, `comment`, `status`, `is_approved` AS `isApproved`, `created_at` AS `createdAt`, `updated_at` AS `updatedAt` FROM `reviews` AS `Review` WHERE `Review`.`status` = 'APPROVED' ORDER BY `createdAt` DESC LIMIT 0, 100;
[0mGET /api/reviews?approved=true&page=1&perPage=100 [32m200[0m 51.474 ms - 494[0m
Executing (default): SELECT `id`, `full_name` AS `fullName`, `phone`, `email`, `customer_code` AS `customerCode`, `password_hash` AS `passwordHash`, `preferred_barber_id` AS `preferredBarberId`, `favorite_service_id` AS `favoriteServiceId`, `avatar_url` AS `avatarUrl`, `reminder_opt_in` AS `reminderOptIn`, `is_active` AS `isActive`, `last_login_at` AS `lastLoginAt`, `created_at` AS `createdAt`, `updated_at` AS `updatedAt` FROM `customers` AS `Customer` WHERE `Customer`.`id` = 1;
[0mGET /api/account/me [32m200[0m 50.885 ms - 372[0m
[0mGET /api/gallery?page=1&perPage=100 [32m200[0m 43.008 ms - 693[0m
[0mGET /api/account/me [32m200[0m 38.358 ms - 372[0m
[0mGET /api/reviews?approved=true&page=1&perPage=100 [32m200[0m 43.322 ms - 494[0m
Executing (default): SELECT `id`, `full_name` AS `fullName`, `phone`, `email`, `customer_code` AS `customerCode`, `password_hash` AS `passwordHash`, `preferred_barber_id` AS `preferredBarberId`, `favorite_service_id` AS `favoriteServiceId`, `avatar_url` AS `avatarUrl`, `reminder_opt_in` AS `reminderOptIn`, `is_active` AS `isActive`, `last_login_at` AS `lastLoginAt`, `created_at` AS `createdAt`, `updated_at` AS `updatedAt` FROM `customers` AS `Customer` WHERE `Customer`.`id` = 1;
Executing (default): SELECT `id`, `full_name` AS `fullName`, `phone`, `email`, `customer_code` AS `customerCode`, `password_hash` AS `passwordHash`, `preferred_barber_id` AS `preferredBarberId`, `favorite_service_id` AS `favoriteServiceId`, `avatar_url` AS `avatarUrl`, `reminder_opt_in` AS `reminderOptIn`, `is_active` AS `isActive`, `last_login_at` AS `lastLoginAt`, `created_at` AS `createdAt`, `updated_at` AS `updatedAt` FROM `customers` AS `Customer` WHERE `Customer`.`id` = 1;
Executing (default): SELECT count(`Appointment`.`id`) AS `count` FROM `appointments` AS `Appointment` LEFT OUTER JOIN `services` AS `service` ON `Appointment`.`service_id` = `service`.`id` LEFT OUTER JOIN `barbers` AS `barber` ON `Appointment`.`barber_id` = `barber`.`id` LEFT OUTER JOIN `payments` AS `payment` ON `Appointment`.`id` = `payment`.`appointment_id` WHERE `Appointment`.`customer_id` = 1;
Executing (default): SELECT `Appointment`.`id`, `Appointment`.`reference_code` AS `referenceCode`, `Appointment`.`customer_name` AS `customerName`, `Appointment`.`customer_phone` AS `customerPhone`, `Appointment`.`customer_email` AS `customerEmail`, `Appointment`.`customer_id` AS `customerId`, `Appointment`.`service_id` AS `serviceId`, `Appointment`.`barber_id` AS `barberId`, `Appointment`.`appointment_date` AS `appointmentDate`, `Appointment`.`appointment_time` AS `appointmentTime`, `Appointment`.`total_amount` AS `totalAmount`, `Appointment`.`notes`, `Appointment`.`service_started_at` AS `serviceStartedAt`, `Appointment`.`completed_at` AS `completedAt`, `Appointment`.`cancelled_at` AS `cancelledAt`, `Appointment`.`cancellation_reason` AS `cancellationReason`, `Appointment`.`cancelled_by` AS `cancelledBy`, `Appointment`.`status`, `Appointment`.`created_at` AS `createdAt`, `Appointment`.`updated_at` AS `updatedAt`, `service`.`id` AS `service.id`, `service`.`name` AS `service.name`, `service`.`price` AS `service.price`, `service`.`duration` AS `service.duration`, `barber`.`id` AS `barber.id`, `barber`.`name` AS `barber.name`, `barber`.`image` AS `barber.image`, `payment`.`id` AS `payment.id`, `payment`.`appointment_id` AS `payment.appointmentId`, `payment`.`customer_id` AS `payment.customerId`, `payment`.`amount` AS `payment.amount`, `payment`.`payment_method` AS `payment.paymentMethod`, `payment`.`transaction_reference` AS `payment.transactionReference`, `payment`.`payment_date` AS `payment.paymentDate`, `payment`.`receipt_url` AS `payment.receiptUrl`, `payment`.`receipt_public_id` AS `payment.receiptPublicId`, `payment`.`provider_ref` AS `payment.providerRef`, `payment`.`note` AS `payment.note`, `payment`.`status` AS `payment.status`, `payment`.`rejection_reason` AS `payment.rejectionReason`, `payment`.`verified_by` AS `payment.verifiedBy`, `payment`.`verified_at` AS `payment.verifiedAt`, `payment`.`access_token` AS `payment.accessToken`, `payment`.`created_at` AS `payment.createdAt`, `payment`.`updated_at` AS `payment.updatedAt` FROM `appointments` AS `Appointment` LEFT OUTER JOIN `services` AS `service` ON `Appointment`.`service_id` = `service`.`id` LEFT OUTER JOIN `barbers` AS `barber` ON `Appointment`.`barber_id` = `barber`.`id` LEFT OUTER JOIN `payments` AS `payment` ON `Appointment`.`id` = `payment`.`appointment_id` WHERE `Appointment`.`customer_id` = 1 ORDER BY `appointmentDate` DESC, `appointmentTime` DESC LIMIT 0, 20;
Executing (default): SELECT `Appointment`.`id`, `Appointment`.`reference_code` AS `referenceCode`, `Appointment`.`customer_name` AS `customerName`, `Appointment`.`customer_phone` AS `customerPhone`, `Appointment`.`customer_email` AS `customerEmail`, `Appointment`.`customer_id` AS `customerId`, `Appointment`.`service_id` AS `serviceId`, `Appointment`.`barber_id` AS `barberId`, `Appointment`.`appointment_date` AS `appointmentDate`, `Appointment`.`appointment_time` AS `appointmentTime`, `Appointment`.`total_amount` AS `totalAmount`, `Appointment`.`notes`, `Appointment`.`service_started_at` AS `serviceStartedAt`, `Appointment`.`completed_at` AS `completedAt`, `Appointment`.`cancelled_at` AS `cancelledAt`, `Appointment`.`cancellation_reason` AS `cancellationReason`, `Appointment`.`cancelled_by` AS `cancelledBy`, `Appointment`.`status`, `Appointment`.`created_at` AS `createdAt`, `Appointment`.`updated_at` AS `updatedAt`, `service`.`id` AS `service.id`, `service`.`name` AS `service.name`, `service`.`price` AS `service.price`, `service`.`duration` AS `service.duration`, `barber`.`id` AS `barber.id`, `barber`.`name` AS `barber.name`, `barber`.`image` AS `barber.image`, `payment`.`id` AS `payment.id`, `payment`.`status` AS `payment.status`, `payment`.`amount` AS `payment.amount`, `payment`.`payment_method` AS `payment.paymentMethod` FROM `appointments` AS `Appointment` LEFT OUTER JOIN `services` AS `service` ON `Appointment`.`service_id` = `service`.`id` LEFT OUTER JOIN `barbers` AS `barber` ON `Appointment`.`barber_id` = `barber`.`id` LEFT OUTER JOIN `payments` AS `payment` ON `Appointment`.`id` = `payment`.`appointment_id` WHERE `Appointment`.`customer_id` = 1 ORDER BY `appointmentDate` DESC, `appointmentTime` DESC LIMIT 200;
Executing (default): SELECT `Appointment`.`id`, `Appointment`.`status`, `payment`.`id` AS `payment.id`, `payment`.`status` AS `payment.status`, `payment`.`amount` AS `payment.amount` FROM `appointments` AS `Appointment` LEFT OUTER JOIN `payments` AS `payment` ON `Appointment`.`id` = `payment`.`appointment_id` WHERE `Appointment`.`customer_id` = 1;
[0mGET /api/account/appointments?page=1 [32m200[0m 24.347 ms - 917[0m
[0mGET /api/account/summary [32m200[0m 24.179 ms - 1425[0m
Executing (default): SELECT `id`, `full_name` AS `fullName`, `phone`, `email`, `customer_code` AS `customerCode`, `password_hash` AS `passwordHash`, `preferred_barber_id` AS `preferredBarberId`, `favorite_service_id` AS `favoriteServiceId`, `avatar_url` AS `avatarUrl`, `reminder_opt_in` AS `reminderOptIn`, `is_active` AS `isActive`, `last_login_at` AS `lastLoginAt`, `created_at` AS `createdAt`, `updated_at` AS `updatedAt` FROM `customers` AS `Customer` WHERE `Customer`.`id` = 1;
Executing (default): SELECT `id`, `full_name` AS `fullName`, `phone`, `email`, `customer_code` AS `customerCode`, `password_hash` AS `passwordHash`, `preferred_barber_id` AS `preferredBarberId`, `favorite_service_id` AS `favoriteServiceId`, `avatar_url` AS `avatarUrl`, `reminder_opt_in` AS `reminderOptIn`, `is_active` AS `isActive`, `last_login_at` AS `lastLoginAt`, `created_at` AS `createdAt`, `updated_at` AS `updatedAt` FROM `customers` AS `Customer` WHERE `Customer`.`id` = 1;
Executing (default): SELECT count(`Appointment`.`id`) AS `count` FROM `appointments` AS `Appointment` LEFT OUTER JOIN `services` AS `service` ON `Appointment`.`service_id` = `service`.`id` LEFT OUTER JOIN `barbers` AS `barber` ON `Appointment`.`barber_id` = `barber`.`id` LEFT OUTER JOIN `payments` AS `payment` ON `Appointment`.`id` = `payment`.`appointment_id` WHERE `Appointment`.`customer_id` = 1;
Executing (default): SELECT `Appointment`.`id`, `Appointment`.`reference_code` AS `referenceCode`, `Appointment`.`customer_name` AS `customerName`, `Appointment`.`customer_phone` AS `customerPhone`, `Appointment`.`customer_email` AS `customerEmail`, `Appointment`.`customer_id` AS `customerId`, `Appointment`.`service_id` AS `serviceId`, `Appointment`.`barber_id` AS `barberId`, `Appointment`.`appointment_date` AS `appointmentDate`, `Appointment`.`appointment_time` AS `appointmentTime`, `Appointment`.`total_amount` AS `totalAmount`, `Appointment`.`notes`, `Appointment`.`service_started_at` AS `serviceStartedAt`, `Appointment`.`completed_at` AS `completedAt`, `Appointment`.`cancelled_at` AS `cancelledAt`, `Appointment`.`cancellation_reason` AS `cancellationReason`, `Appointment`.`cancelled_by` AS `cancelledBy`, `Appointment`.`status`, `Appointment`.`created_at` AS `createdAt`, `Appointment`.`updated_at` AS `updatedAt`, `service`.`id` AS `service.id`, `service`.`name` AS `service.name`, `service`.`price` AS `service.price`, `service`.`duration` AS `service.duration`, `barber`.`id` AS `barber.id`, `barber`.`name` AS `barber.name`, `barber`.`image` AS `barber.image`, `payment`.`id` AS `payment.id`, `payment`.`appointment_id` AS `payment.appointmentId`, `payment`.`customer_id` AS `payment.customerId`, `payment`.`amount` AS `payment.amount`, `payment`.`payment_method` AS `payment.paymentMethod`, `payment`.`transaction_reference` AS `payment.transactionReference`, `payment`.`payment_date` AS `payment.paymentDate`, `payment`.`receipt_url` AS `payment.receiptUrl`, `payment`.`receipt_public_id` AS `payment.receiptPublicId`, `payment`.`provider_ref` AS `payment.providerRef`, `payment`.`note` AS `payment.note`, `payment`.`status` AS `payment.status`, `payment`.`rejection_reason` AS `payment.rejectionReason`, `payment`.`verified_by` AS `payment.verifiedBy`, `payment`.`verified_at` AS `payment.verifiedAt`, `payment`.`access_token` AS `payment.accessToken`, `payment`.`created_at` AS `payment.createdAt`, `payment`.`updated_at` AS `payment.updatedAt` FROM `appointments` AS `Appointment` LEFT OUTER JOIN `services` AS `service` ON `Appointment`.`service_id` = `service`.`id` LEFT OUTER JOIN `barbers` AS `barber` ON `Appointment`.`barber_id` = `barber`.`id` LEFT OUTER JOIN `payments` AS `payment` ON `Appointment`.`id` = `payment`.`appointment_id` WHERE `Appointment`.`customer_id` = 1 ORDER BY `appointmentDate` DESC, `appointmentTime` DESC LIMIT 0, 20;
Executing (default): SELECT `Appointment`.`id`, `Appointment`.`reference_code` AS `referenceCode`, `Appointment`.`customer_name` AS `customerName`, `Appointment`.`customer_phone` AS `customerPhone`, `Appointment`.`customer_email` AS `customerEmail`, `Appointment`.`customer_id` AS `customerId`, `Appointment`.`service_id` AS `serviceId`, `Appointment`.`barber_id` AS `barberId`, `Appointment`.`appointment_date` AS `appointmentDate`, `Appointment`.`appointment_time` AS `appointmentTime`, `Appointment`.`total_amount` AS `totalAmount`, `Appointment`.`notes`, `Appointment`.`service_started_at` AS `serviceStartedAt`, `Appointment`.`completed_at` AS `completedAt`, `Appointment`.`cancelled_at` AS `cancelledAt`, `Appointment`.`cancellation_reason` AS `cancellationReason`, `Appointment`.`cancelled_by` AS `cancelledBy`, `Appointment`.`status`, `Appointment`.`created_at` AS `createdAt`, `Appointment`.`updated_at` AS `updatedAt`, `service`.`id` AS `service.id`, `service`.`name` AS `service.name`, `service`.`price` AS `service.price`, `service`.`duration` AS `service.duration`, `barber`.`id` AS `barber.id`, `barber`.`name` AS `barber.name`, `barber`.`image` AS `barber.image`, `payment`.`id` AS `payment.id`, `payment`.`status` AS `payment.status`, `payment`.`amount` AS `payment.amount`, `payment`.`payment_method` AS `payment.paymentMethod` FROM `appointments` AS `Appointment` LEFT OUTER JOIN `services` AS `service` ON `Appointment`.`service_id` = `service`.`id` LEFT OUTER JOIN `barbers` AS `barber` ON `Appointment`.`barber_id` = `barber`.`id` LEFT OUTER JOIN `payments` AS `payment` ON `Appointment`.`id` = `payment`.`appointment_id` WHERE `Appointment`.`customer_id` = 1 ORDER BY `appointmentDate` DESC, `appointmentTime` DESC LIMIT 200;
Executing (default): SELECT `Appointment`.`id`, `Appointment`.`status`, `payment`.`id` AS `payment.id`, `payment`.`status` AS `payment.status`, `payment`.`amount` AS `payment.amount` FROM `appointments` AS `Appointment` LEFT OUTER JOIN `payments` AS `payment` ON `Appointment`.`id` = `payment`.`appointment_id` WHERE `Appointment`.`customer_id` = 1;
[0mGET /api/account/appointments?page=1 [36m304[0m 17.135 ms - -[0m
[0mGET /api/account/summary [36m304[0m 17.597 ms - -[0m
Executing (default): SELECT `id`, `full_name` AS `fullName`, `phone`, `email`, `customer_code` AS `customerCode`, `password_hash` AS `passwordHash`, `preferred_barber_id` AS `preferredBarberId`, `favorite_service_id` AS `favoriteServiceId`, `avatar_url` AS `avatarUrl`, `reminder_opt_in` AS `reminderOptIn`, `is_active` AS `isActive`, `last_login_at` AS `lastLoginAt`, `created_at` AS `createdAt`, `updated_at` AS `updatedAt` FROM `customers` AS `Customer` WHERE `Customer`.`id` = 1;
Executing (default): SELECT count(`Appointment`.`id`) AS `count` FROM `appointments` AS `Appointment` LEFT OUTER JOIN `services` AS `service` ON `Appointment`.`service_id` = `service`.`id` LEFT OUTER JOIN `barbers` AS `barber` ON `Appointment`.`barber_id` = `barber`.`id` LEFT OUTER JOIN `payments` AS `payment` ON `Appointment`.`id` = `payment`.`appointment_id` WHERE `Appointment`.`customer_id` = 1;
Executing (default): SELECT `Appointment`.`id`, `Appointment`.`reference_code` AS `referenceCode`, `Appointment`.`customer_name` AS `customerName`, `Appointment`.`customer_phone` AS `customerPhone`, `Appointment`.`customer_email` AS `customerEmail`, `Appointment`.`customer_id` AS `customerId`, `Appointment`.`service_id` AS `serviceId`, `Appointment`.`barber_id` AS `barberId`, `Appointment`.`appointment_date` AS `appointmentDate`, `Appointment`.`appointment_time` AS `appointmentTime`, `Appointment`.`total_amount` AS `totalAmount`, `Appointment`.`notes`, `Appointment`.`service_started_at` AS `serviceStartedAt`, `Appointment`.`completed_at` AS `completedAt`, `Appointment`.`cancelled_at` AS `cancelledAt`, `Appointment`.`cancellation_reason` AS `cancellationReason`, `Appointment`.`cancelled_by` AS `cancelledBy`, `Appointment`.`status`, `Appointment`.`created_at` AS `createdAt`, `Appointment`.`updated_at` AS `updatedAt`, `service`.`id` AS `service.id`, `service`.`name` AS `service.name`, `service`.`price` AS `service.price`, `service`.`duration` AS `service.duration`, `barber`.`id` AS `barber.id`, `barber`.`name` AS `barber.name`, `barber`.`image` AS `barber.image`, `payment`.`id` AS `payment.id`, `payment`.`appointment_id` AS `payment.appointmentId`, `payment`.`customer_id` AS `payment.customerId`, `payment`.`amount` AS `payment.amount`, `payment`.`payment_method` AS `payment.paymentMethod`, `payment`.`transaction_reference` AS `payment.transactionReference`, `payment`.`payment_date` AS `payment.paymentDate`, `payment`.`receipt_url` AS `payment.receiptUrl`, `payment`.`receipt_public_id` AS `payment.receiptPublicId`, `payment`.`provider_ref` AS `payment.providerRef`, `payment`.`note` AS `payment.note`, `payment`.`status` AS `payment.status`, `payment`.`rejection_reason` AS `payment.rejectionReason`, `payment`.`verified_by` AS `payment.verifiedBy`, `payment`.`verified_at` AS `payment.verifiedAt`, `payment`.`access_token` AS `payment.accessToken`, `payment`.`created_at` AS `payment.createdAt`, `payment`.`updated_at` AS `payment.updatedAt` FROM `appointments` AS `Appointment` LEFT OUTER JOIN `services` AS `service` ON `Appointment`.`service_id` = `service`.`id` LEFT OUTER JOIN `barbers` AS `barber` ON `Appointment`.`barber_id` = `barber`.`id` LEFT OUTER JOIN `payments` AS `payment` ON `Appointment`.`id` = `payment`.`appointment_id` WHERE `Appointment`.`customer_id` = 1 ORDER BY `appointmentDate` DESC, `appointmentTime` DESC LIMIT 0, 20;
[0mGET /api/account/appointments?page=1 [36m304[0m 17.652 ms - -[0m
Executing (default): SELECT `id`, `full_name` AS `fullName`, `phone`, `email`, `customer_code` AS `customerCode`, `password_hash` AS `passwordHash`, `preferred_barber_id` AS `preferredBarberId`, `favorite_service_id` AS `favoriteServiceId`, `avatar_url` AS `avatarUrl`, `reminder_opt_in` AS `reminderOptIn`, `is_active` AS `isActive`, `last_login_at` AS `lastLoginAt`, `created_at` AS `createdAt`, `updated_at` AS `updatedAt` FROM `customers` AS `Customer` WHERE `Customer`.`id` = 1;
Executing (default): SELECT count(`Appointment`.`id`) AS `count` FROM `appointments` AS `Appointment` LEFT OUTER JOIN `services` AS `service` ON `Appointment`.`service_id` = `service`.`id` LEFT OUTER JOIN `barbers` AS `barber` ON `Appointment`.`barber_id` = `barber`.`id` LEFT OUTER JOIN `payments` AS `payment` ON `Appointment`.`id` = `payment`.`appointment_id` WHERE `Appointment`.`customer_id` = 1;
Executing (default): SELECT `Appointment`.`id`, `Appointment`.`reference_code` AS `referenceCode`, `Appointment`.`customer_name` AS `customerName`, `Appointment`.`customer_phone` AS `customerPhone`, `Appointment`.`customer_email` AS `customerEmail`, `Appointment`.`customer_id` AS `customerId`, `Appointment`.`service_id` AS `serviceId`, `Appointment`.`barber_id` AS `barberId`, `Appointment`.`appointment_date` AS `appointmentDate`, `Appointment`.`appointment_time` AS `appointmentTime`, `Appointment`.`total_amount` AS `totalAmount`, `Appointment`.`notes`, `Appointment`.`service_started_at` AS `serviceStartedAt`, `Appointment`.`completed_at` AS `completedAt`, `Appointment`.`cancelled_at` AS `cancelledAt`, `Appointment`.`cancellation_reason` AS `cancellationReason`, `Appointment`.`cancelled_by` AS `cancelledBy`, `Appointment`.`status`, `Appointment`.`created_at` AS `createdAt`, `Appointment`.`updated_at` AS `updatedAt`, `service`.`id` AS `service.id`, `service`.`name` AS `service.name`, `service`.`price` AS `service.price`, `service`.`duration` AS `service.duration`, `barber`.`id` AS `barber.id`, `barber`.`name` AS `barber.name`, `barber`.`image` AS `barber.image`, `payment`.`id` AS `payment.id`, `payment`.`appointment_id` AS `payment.appointmentId`, `payment`.`customer_id` AS `payment.customerId`, `payment`.`amount` AS `payment.amount`, `payment`.`payment_method` AS `payment.paymentMethod`, `payment`.`transaction_reference` AS `payment.transactionReference`, `payment`.`payment_date` AS `payment.paymentDate`, `payment`.`receipt_url` AS `payment.receiptUrl`, `payment`.`receipt_public_id` AS `payment.receiptPublicId`, `payment`.`provider_ref` AS `payment.providerRef`, `payment`.`note` AS `payment.note`, `payment`.`status` AS `payment.status`, `payment`.`rejection_reason` AS `payment.rejectionReason`, `payment`.`verified_by` AS `payment.verifiedBy`, `payment`.`verified_at` AS `payment.verifiedAt`, `payment`.`access_token` AS `payment.accessToken`, `payment`.`created_at` AS `payment.createdAt`, `payment`.`updated_at` AS `payment.updatedAt` FROM `appointments` AS `Appointment` LEFT OUTER JOIN `services` AS `service` ON `Appointment`.`service_id` = `service`.`id` LEFT OUTER JOIN `barbers` AS `barber` ON `Appointment`.`barber_id` = `barber`.`id` LEFT OUTER JOIN `payments` AS `payment` ON `Appointment`.`id` = `payment`.`appointment_id` WHERE `Appointment`.`customer_id` = 1 ORDER BY `appointmentDate` DESC, `appointmentTime` DESC LIMIT 0, 20;
[0mGET /api/account/appointments?page=1 [36m304[0m 9.282 ms - -[0m
Executing (default): SELECT `id`, `full_name` AS `fullName`, `phone`, `email`, `customer_code` AS `customerCode`, `password_hash` AS `passwordHash`, `preferred_barber_id` AS `preferredBarberId`, `favorite_service_id` AS `favoriteServiceId`, `avatar_url` AS `avatarUrl`, `reminder_opt_in` AS `reminderOptIn`, `is_active` AS `isActive`, `last_login_at` AS `lastLoginAt`, `created_at` AS `createdAt`, `updated_at` AS `updatedAt` FROM `customers` AS `Customer` WHERE `Customer`.`id` = 1;
Executing (default): SELECT count(`Payment`.`id`) AS `count` FROM `payments` AS `Payment` LEFT OUTER JOIN `appointments` AS `appointment` ON `Payment`.`appointment_id` = `appointment`.`id` LEFT OUTER JOIN `services` AS `appointment->service` ON `appointment`.`service_id` = `appointment->service`.`id` LEFT OUTER JOIN `barbers` AS `appointment->barber` ON `appointment`.`barber_id` = `appointment->barber`.`id` WHERE `Payment`.`customer_id` = 1;
Executing (default): SELECT `Payment`.`id`, `Payment`.`appointment_id` AS `appointmentId`, `Payment`.`customer_id` AS `customerId`, `Payment`.`amount`, `Payment`.`payment_method` AS `paymentMethod`, `Payment`.`transaction_reference` AS `transactionReference`, `Payment`.`payment_date` AS `paymentDate`, `Payment`.`receipt_url` AS `receiptUrl`, `Payment`.`receipt_public_id` AS `receiptPublicId`, `Payment`.`provider_ref` AS `providerRef`, `Payment`.`note`, `Payment`.`status`, `Payment`.`rejection_reason` AS `rejectionReason`, `Payment`.`verified_by` AS `verifiedBy`, `Payment`.`verified_at` AS `verifiedAt`, `Payment`.`access_token` AS `accessToken`, `Payment`.`created_at` AS `createdAt`, `Payment`.`updated_at` AS `updatedAt`, `appointment`.`id` AS `appointment.id`, `appointment`.`reference_code` AS `appointment.referenceCode`, `appointment`.`customer_name` AS `appointment.customerName`, `appointment`.`appointment_date` AS `appointment.appointmentDate`, `appointment`.`appointment_time` AS `appointment.appointmentTime`, `appointment`.`status` AS `appointment.status`, `appointment->service`.`id` AS `appointment.service.id`, `appointment->service`.`name` AS `appointment.service.name`, `appointment->service`.`price` AS `appointment.service.price`, `appointment->barber`.`id` AS `appointment.barber.id`, `appointment->barber`.`name` AS `appointment.barber.name` FROM `payments` AS `Payment` LEFT OUTER JOIN `appointments` AS `appointment` ON `Payment`.`appointment_id` = `appointment`.`id` LEFT OUTER JOIN `services` AS `appointment->service` ON `appointment`.`service_id` = `appointment->service`.`id` LEFT OUTER JOIN `barbers` AS `appointment->barber` ON `appointment`.`barber_id` = `appointment->barber`.`id` WHERE `Payment`.`customer_id` = 1 ORDER BY `createdAt` DESC LIMIT 0, 20;
[0mGET /api/account/payments?page=1 [36m304[0m 18.530 ms - -[0m
Executing (default): SELECT `id`, `full_name` AS `fullName`, `phone`, `email`, `customer_code` AS `customerCode`, `password_hash` AS `passwordHash`, `preferred_barber_id` AS `preferredBarberId`, `favorite_service_id` AS `favoriteServiceId`, `avatar_url` AS `avatarUrl`, `reminder_opt_in` AS `reminderOptIn`, `is_active` AS `isActive`, `last_login_at` AS `lastLoginAt`, `created_at` AS `createdAt`, `updated_at` AS `updatedAt` FROM `customers` AS `Customer` WHERE `Customer`.`id` = 1;
Executing (default): SELECT count(`Payment`.`id`) AS `count` FROM `payments` AS `Payment` LEFT OUTER JOIN `appointments` AS `appointment` ON `Payment`.`appointment_id` = `appointment`.`id` LEFT OUTER JOIN `services` AS `appointment->service` ON `appointment`.`service_id` = `appointment->service`.`id` LEFT OUTER JOIN `barbers` AS `appointment->barber` ON `appointment`.`barber_id` = `appointment->barber`.`id` WHERE `Payment`.`customer_id` = 1;
Executing (default): SELECT `Payment`.`id`, `Payment`.`appointment_id` AS `appointmentId`, `Payment`.`customer_id` AS `customerId`, `Payment`.`amount`, `Payment`.`payment_method` AS `paymentMethod`, `Payment`.`transaction_reference` AS `transactionReference`, `Payment`.`payment_date` AS `paymentDate`, `Payment`.`receipt_url` AS `receiptUrl`, `Payment`.`receipt_public_id` AS `receiptPublicId`, `Payment`.`provider_ref` AS `providerRef`, `Payment`.`note`, `Payment`.`status`, `Payment`.`rejection_reason` AS `rejectionReason`, `Payment`.`verified_by` AS `verifiedBy`, `Payment`.`verified_at` AS `verifiedAt`, `Payment`.`access_token` AS `accessToken`, `Payment`.`created_at` AS `createdAt`, `Payment`.`updated_at` AS `updatedAt`, `appointment`.`id` AS `appointment.id`, `appointment`.`reference_code` AS `appointment.referenceCode`, `appointment`.`customer_name` AS `appointment.customerName`, `appointment`.`appointment_date` AS `appointment.appointmentDate`, `appointment`.`appointment_time` AS `appointment.appointmentTime`, `appointment`.`status` AS `appointment.status`, `appointment->service`.`id` AS `appointment.service.id`, `appointment->service`.`name` AS `appointment.service.name`, `appointment->service`.`price` AS `appointment.service.price`, `appointment->barber`.`id` AS `appointment.barber.id`, `appointment->barber`.`name` AS `appointment.barber.name` FROM `payments` AS `Payment` LEFT OUTER JOIN `appointments` AS `appointment` ON `Payment`.`appointment_id` = `appointment`.`id` LEFT OUTER JOIN `services` AS `appointment->service` ON `appointment`.`service_id` = `appointment->service`.`id` LEFT OUTER JOIN `barbers` AS `appointment->barber` ON `appointment`.`barber_id` = `appointment->barber`.`id` WHERE `Payment`.`customer_id` = 1 ORDER BY `createdAt` DESC LIMIT 0, 20;
[0mGET /api/account/payments?page=1 [36m304[0m 15.741 ms - -[0m
Executing (default): SELECT `Payment`.`id`, `Payment`.`appointment_id` AS `appointmentId`, `Payment`.`customer_id` AS `customerId`, `Payment`.`amount`, `Payment`.`payment_method` AS `paymentMethod`, `Payment`.`transaction_reference` AS `transactionReference`, `Payment`.`payment_date` AS `paymentDate`, `Payment`.`receipt_url` AS `receiptUrl`, `Payment`.`receipt_public_id` AS `receiptPublicId`, `Payment`.`provider_ref` AS `providerRef`, `Payment`.`note`, `Payment`.`status`, `Payment`.`rejection_reason` AS `rejectionReason`, `Payment`.`verified_by` AS `verifiedBy`, `Payment`.`verified_at` AS `verifiedAt`, `Payment`.`access_token` AS `accessToken`, `Payment`.`created_at` AS `createdAt`, `Payment`.`updated_at` AS `updatedAt`, `appointment`.`id` AS `appointment.id`, `appointment`.`reference_code` AS `appointment.referenceCode`, `appointment`.`customer_name` AS `appointment.customerName`, `appointment`.`customer_phone` AS `appointment.customerPhone`, `appointment`.`customer_email` AS `appointment.customerEmail`, `appointment`.`customer_id` AS `appointment.customerId`, `appointment`.`service_id` AS `appointment.serviceId`, `appointment`.`barber_id` AS `appointment.barberId`, `appointment`.`appointment_date` AS `appointment.appointmentDate`, `appointment`.`appointment_time` AS `appointment.appointmentTime`, `appointment`.`total_amount` AS `appointment.totalAmount`, `appointment`.`notes` AS `appointment.notes`, `appointment`.`service_started_at` AS `appointment.serviceStartedAt`, `appointment`.`completed_at` AS `appointment.completedAt`, `appointment`.`cancelled_at` AS `appointment.cancelledAt`, `appointment`.`cancellation_reason` AS `appointment.cancellationReason`, `appointment`.`cancelled_by` AS `appointment.cancelledBy`, `appointment`.`status` AS `appointment.status`, `appointment`.`created_at` AS `appointment.createdAt`, `appointment`.`updated_at` AS `appointment.updatedAt`, `appointment->service`.`id` AS `appointment.service.id`, `appointment->service`.`name` AS `appointment.service.name`, `appointment->service`.`slug` AS `appointment.service.slug`, `appointment->service`.`description` AS `appointment.service.description`, `appointment->service`.`price` AS `appointment.service.price`, `appointment->service`.`duration` AS `appointment.service.duration`, `appointment->service`.`image` AS `appointment.service.image`, `appointment->service`.`category` AS `appointment.service.category`, `appointment->service`.`is_active` AS `appointment.service.isActive`, `appointment->service`.`created_at` AS `appointment.service.createdAt`, `appointment->service`.`updated_at` AS `appointment.service.updatedAt`, `appointment->barber`.`id` AS `appointment.barber.id`, `appointment->barber`.`name` AS `appointment.barber.name`, `appointment->barber`.`slug` AS `appointment.barber.slug`, `appointment->barber`.`image` AS `appointment.barber.image`, `appointment->barber`.`phone` AS `appointment.barber.phone`, `appointment->barber`.`email` AS `appointment.barber.email`, `appointment->barber`.`specialty` AS `appointment.barber.specialty`, `appointment->barber`.`biography` AS `appointment.barber.biography`, `appointment->barber`.`experience` AS `appointment.barber.experience`, `appointment->barber`.`rating` AS `appointment.barber.rating`, `appointment->barber`.`is_active` AS `appointment.barber.isActive`, `appointment->barber`.`created_at` AS `appointment.barber.createdAt`, `appointment->barber`.`updated_at` AS `appointment.barber.updatedAt` FROM `payments` AS `Payment` LEFT OUTER JOIN `appointments` AS `appointment` ON `Payment`.`appointment_id` = `appointment`.`id` LEFT OUTER JOIN `services` AS `appointment->service` ON `appointment`.`service_id` = `appointment->service`.`id` LEFT OUTER JOIN `barbers` AS `appointment->barber` ON `appointment`.`barber_id` = `appointment->barber`.`id` WHERE `Payment`.`access_token` = 'f005b764ee8ffb0003d9b791fde0e5afdc7cea56f28683bc';
Executing (66a0421b-401b-4594-b0db-08385ecf0909): START TRANSACTION;
Executing (66a0421b-401b-4594-b0db-08385ecf0909): SELECT `id`, `shop_name` AS `shopName`, `shop_address` AS `shopAddress`, `shop_phone` AS `shopPhone`, `shop_logo` AS `shopLogo`, `bank_name` AS `bankName`, `account_name` AS `accountName`, `account_number` AS `accountNumber`, `opay_account_name` AS `opayAccountName`, `opay_account_number` AS `opayAccountNumber`, `payment_instructions` AS `paymentInstructions`, `enabled_payment_methods` AS `enabledPaymentMethods`, `min_amount` AS `minAmount`, `full_payment_required` AS `fullPaymentRequired`, `receipt_required` AS `receiptRequired`, `created_at` AS `createdAt`, `updated_at` AS `updatedAt` FROM `payment_settings` AS `PaymentSetting` WHERE `PaymentSetting`.`id` = 1;
Executing (66a0421b-401b-4594-b0db-08385ecf0909): COMMIT;
[0mGET /api/payments/f005b764ee8ffb0003d9b791fde0e5afdc7cea56f28683bc [36m304[0m 19.111 ms - -[0m
Executing (default): SELECT `Payment`.`id`, `Payment`.`appointment_id` AS `appointmentId`, `Payment`.`customer_id` AS `customerId`, `Payment`.`amount`, `Payment`.`payment_method` AS `paymentMethod`, `Payment`.`transaction_reference` AS `transactionReference`, `Payment`.`payment_date` AS `paymentDate`, `Payment`.`receipt_url` AS `receiptUrl`, `Payment`.`receipt_public_id` AS `receiptPublicId`, `Payment`.`provider_ref` AS `providerRef`, `Payment`.`note`, `Payment`.`status`, `Payment`.`rejection_reason` AS `rejectionReason`, `Payment`.`verified_by` AS `verifiedBy`, `Payment`.`verified_at` AS `verifiedAt`, `Payment`.`access_token` AS `accessToken`, `Payment`.`created_at` AS `createdAt`, `Payment`.`updated_at` AS `updatedAt`, `appointment`.`id` AS `appointment.id`, `appointment`.`reference_code` AS `appointment.referenceCode`, `appointment`.`customer_name` AS `appointment.customerName`, `appointment`.`customer_phone` AS `appointment.customerPhone`, `appointment`.`customer_email` AS `appointment.customerEmail`, `appointment`.`customer_id` AS `appointment.customerId`, `appointment`.`service_id` AS `appointment.serviceId`, `appointment`.`barber_id` AS `appointment.barberId`, `appointment`.`appointment_date` AS `appointment.appointmentDate`, `appointment`.`appointment_time` AS `appointment.appointmentTime`, `appointment`.`total_amount` AS `appointment.totalAmount`, `appointment`.`notes` AS `appointment.notes`, `appointment`.`service_started_at` AS `appointment.serviceStartedAt`, `appointment`.`completed_at` AS `appointment.completedAt`, `appointment`.`cancelled_at` AS `appointment.cancelledAt`, `appointment`.`cancellation_reason` AS `appointment.cancellationReason`, `appointment`.`cancelled_by` AS `appointment.cancelledBy`, `appointment`.`status` AS `appointment.status`, `appointment`.`created_at` AS `appointment.createdAt`, `appointment`.`updated_at` AS `appointment.updatedAt`, `appointment->service`.`id` AS `appointment.service.id`, `appointment->service`.`name` AS `appointment.service.name`, `appointment->service`.`slug` AS `appointment.service.slug`, `appointment->service`.`description` AS `appointment.service.description`, `appointment->service`.`price` AS `appointment.service.price`, `appointment->service`.`duration` AS `appointment.service.duration`, `appointment->service`.`image` AS `appointment.service.image`, `appointment->service`.`category` AS `appointment.service.category`, `appointment->service`.`is_active` AS `appointment.service.isActive`, `appointment->service`.`created_at` AS `appointment.service.createdAt`, `appointment->service`.`updated_at` AS `appointment.service.updatedAt`, `appointment->barber`.`id` AS `appointment.barber.id`, `appointment->barber`.`name` AS `appointment.barber.name`, `appointment->barber`.`slug` AS `appointment.barber.slug`, `appointment->barber`.`image` AS `appointment.barber.image`, `appointment->barber`.`phone` AS `appointment.barber.phone`, `appointment->barber`.`email` AS `appointment.barber.email`, `appointment->barber`.`specialty` AS `appointment.barber.specialty`, `appointment->barber`.`biography` AS `appointment.barber.biography`, `appointment->barber`.`experience` AS `appointment.barber.experience`, `appointment->barber`.`rating` AS `appointment.barber.rating`, `appointment->barber`.`is_active` AS `appointment.barber.isActive`, `appointment->barber`.`created_at` AS `appointment.barber.createdAt`, `appointment->barber`.`updated_at` AS `appointment.barber.updatedAt` FROM `payments` AS `Payment` LEFT OUTER JOIN `appointments` AS `appointment` ON `Payment`.`appointment_id` = `appointment`.`id` LEFT OUTER JOIN `services` AS `appointment->service` ON `appointment`.`service_id` = `appointment->service`.`id` LEFT OUTER JOIN `barbers` AS `appointment->barber` ON `appointment`.`barber_id` = `appointment->barber`.`id` WHERE `Payment`.`access_token` = 'f005b764ee8ffb0003d9b791fde0e5afdc7cea56f28683bc';
Executing (a615dca3-d15e-4c17-bf11-1c42dfcbb466): START TRANSACTION;
Executing (a615dca3-d15e-4c17-bf11-1c42dfcbb466): SELECT `id`, `shop_name` AS `shopName`, `shop_address` AS `shopAddress`, `shop_phone` AS `shopPhone`, `shop_logo` AS `shopLogo`, `bank_name` AS `bankName`, `account_name` AS `accountName`, `account_number` AS `accountNumber`, `opay_account_name` AS `opayAccountName`, `opay_account_number` AS `opayAccountNumber`, `payment_instructions` AS `paymentInstructions`, `enabled_payment_methods` AS `enabledPaymentMethods`, `min_amount` AS `minAmount`, `full_payment_required` AS `fullPaymentRequired`, `receipt_required` AS `receiptRequired`, `created_at` AS `createdAt`, `updated_at` AS `updatedAt` FROM `payment_settings` AS `PaymentSetting` WHERE `PaymentSetting`.`id` = 1;
Executing (a615dca3-d15e-4c17-bf11-1c42dfcbb466): COMMIT;
[0mGET /api/payments/f005b764ee8ffb0003d9b791fde0e5afdc7cea56f28683bc [36m304[0m 10.556 ms - -[0m
Executing (default): SELECT `id`, `reference_code` AS `referenceCode`, `customer_name` AS `customerName`, `customer_phone` AS `customerPhone`, `customer_email` AS `customerEmail`, `customer_id` AS `customerId`, `service_id` AS `serviceId`, `barber_id` AS `barberId`, `appointment_date` AS `appointmentDate`, `appointment_time` AS `appointmentTime`, `total_amount` AS `totalAmount`, `notes`, `service_started_at` AS `serviceStartedAt`, `completed_at` AS `completedAt`, `cancelled_at` AS `cancelledAt`, `cancellation_reason` AS `cancellationReason`, `cancelled_by` AS `cancelledBy`, `status`, `created_at` AS `createdAt`, `updated_at` AS `updatedAt` FROM `appointments` AS `Appointment` WHERE `Appointment`.`reference_code` = '#APT-20260915-001';
[0mPOST /api/payments/track [33m404[0m 7.993 ms - 95[0m
Executing (default): SELECT `id`, `full_name` AS `fullName`, `phone`, `email`, `customer_code` AS `customerCode`, `password_hash` AS `passwordHash`, `preferred_barber_id` AS `preferredBarberId`, `favorite_service_id` AS `favoriteServiceId`, `avatar_url` AS `avatarUrl`, `reminder_opt_in` AS `reminderOptIn`, `is_active` AS `isActive`, `last_login_at` AS `lastLoginAt`, `created_at` AS `createdAt`, `updated_at` AS `updatedAt` FROM `customers` AS `Customer` WHERE `Customer`.`id` = 1;
Executing (default): SELECT `id`, `full_name` AS `fullName`, `phone`, `email`, `customer_code` AS `customerCode`, `password_hash` AS `passwordHash`, `preferred_barber_id` AS `preferredBarberId`, `favorite_service_id` AS `favoriteServiceId`, `avatar_url` AS `avatarUrl`, `reminder_opt_in` AS `reminderOptIn`, `is_active` AS `isActive`, `last_login_at` AS `lastLoginAt`, `created_at` AS `createdAt`, `updated_at` AS `updatedAt` FROM `customers` AS `Customer` WHERE `Customer`.`id` = 1;
Executing (default): SELECT `Appointment`.`id`, `Appointment`.`reference_code` AS `referenceCode`, `Appointment`.`customer_name` AS `customerName`, `Appointment`.`customer_phone` AS `customerPhone`, `Appointment`.`customer_email` AS `customerEmail`, `Appointment`.`customer_id` AS `customerId`, `Appointment`.`service_id` AS `serviceId`, `Appointment`.`barber_id` AS `barberId`, `Appointment`.`appointment_date` AS `appointmentDate`, `Appointment`.`appointment_time` AS `appointmentTime`, `Appointment`.`total_amount` AS `totalAmount`, `Appointment`.`notes`, `Appointment`.`service_started_at` AS `serviceStartedAt`, `Appointment`.`completed_at` AS `completedAt`, `Appointment`.`cancelled_at` AS `cancelledAt`, `Appointment`.`cancellation_reason` AS `cancellationReason`, `Appointment`.`cancelled_by` AS `cancelledBy`, `Appointment`.`status`, `Appointment`.`created_at` AS `createdAt`, `Appointment`.`updated_at` AS `updatedAt`, `service`.`id` AS `service.id`, `service`.`name` AS `service.name`, `service`.`price` AS `service.price`, `service`.`duration` AS `service.duration`, `barber`.`id` AS `barber.id`, `barber`.`name` AS `barber.name`, `barber`.`image` AS `barber.image`, `payment`.`id` AS `payment.id`, `payment`.`status` AS `payment.status`, `payment`.`amount` AS `payment.amount`, `payment`.`payment_method` AS `payment.paymentMethod` FROM `appointments` AS `Appointment` LEFT OUTER JOIN `services` AS `service` ON `Appointment`.`service_id` = `service`.`id` LEFT OUTER JOIN `barbers` AS `barber` ON `Appointment`.`barber_id` = `barber`.`id` LEFT OUTER JOIN `payments` AS `payment` ON `Appointment`.`id` = `payment`.`appointment_id` WHERE `Appointment`.`customer_id` = 1 ORDER BY `appointmentDate` DESC, `appointmentTime` DESC LIMIT 200;
Executing (default): SELECT `Appointment`.`id`, `Appointment`.`status`, `payment`.`id` AS `payment.id`, `payment`.`status` AS `payment.status`, `payment`.`amount` AS `payment.amount` FROM `appointments` AS `Appointment` LEFT OUTER JOIN `payments` AS `payment` ON `Appointment`.`id` = `payment`.`appointment_id` WHERE `Appointment`.`customer_id` = 1;
Executing (default): SELECT count(`Appointment`.`id`) AS `count` FROM `appointments` AS `Appointment` LEFT OUTER JOIN `services` AS `service` ON `Appointment`.`service_id` = `service`.`id` LEFT OUTER JOIN `barbers` AS `barber` ON `Appointment`.`barber_id` = `barber`.`id` LEFT OUTER JOIN `payments` AS `payment` ON `Appointment`.`id` = `payment`.`appointment_id` WHERE `Appointment`.`customer_id` = 1;
[0mGET /api/account/summary [36m304[0m 25.832 ms - -[0m
Executing (default): SELECT `Appointment`.`id`, `Appointment`.`reference_code` AS `referenceCode`, `Appointment`.`customer_name` AS `customerName`, `Appointment`.`customer_phone` AS `customerPhone`, `Appointment`.`customer_email` AS `customerEmail`, `Appointment`.`customer_id` AS `customerId`, `Appointment`.`service_id` AS `serviceId`, `Appointment`.`barber_id` AS `barberId`, `Appointment`.`appointment_date` AS `appointmentDate`, `Appointment`.`appointment_time` AS `appointmentTime`, `Appointment`.`total_amount` AS `totalAmount`, `Appointment`.`notes`, `Appointment`.`service_started_at` AS `serviceStartedAt`, `Appointment`.`completed_at` AS `completedAt`, `Appointment`.`cancelled_at` AS `cancelledAt`, `Appointment`.`cancellation_reason` AS `cancellationReason`, `Appointment`.`cancelled_by` AS `cancelledBy`, `Appointment`.`status`, `Appointment`.`created_at` AS `createdAt`, `Appointment`.`updated_at` AS `updatedAt`, `service`.`id` AS `service.id`, `service`.`name` AS `service.name`, `service`.`price` AS `service.price`, `service`.`duration` AS `service.duration`, `barber`.`id` AS `barber.id`, `barber`.`name` AS `barber.name`, `barber`.`image` AS `barber.image`, `payment`.`id` AS `payment.id`, `payment`.`appointment_id` AS `payment.appointmentId`, `payment`.`customer_id` AS `payment.customerId`, `payment`.`amount` AS `payment.amount`, `payment`.`payment_method` AS `payment.paymentMethod`, `payment`.`transaction_reference` AS `payment.transactionReference`, `payment`.`payment_date` AS `payment.paymentDate`, `payment`.`receipt_url` AS `payment.receiptUrl`, `payment`.`receipt_public_id` AS `payment.receiptPublicId`, `payment`.`provider_ref` AS `payment.providerRef`, `payment`.`note` AS `payment.note`, `payment`.`status` AS `payment.status`, `payment`.`rejection_reason` AS `payment.rejectionReason`, `payment`.`verified_by` AS `payment.verifiedBy`, `payment`.`verified_at` AS `payment.verifiedAt`, `payment`.`access_token` AS `payment.accessToken`, `payment`.`created_at` AS `payment.createdAt`, `payment`.`updated_at` AS `payment.updatedAt` FROM `appointments` AS `Appointment` LEFT OUTER JOIN `services` AS `service` ON `Appointment`.`service_id` = `service`.`id` LEFT OUTER JOIN `barbers` AS `barber` ON `Appointment`.`barber_id` = `barber`.`id` LEFT OUTER JOIN `payments` AS `payment` ON `Appointment`.`id` = `payment`.`appointment_id` WHERE `Appointment`.`customer_id` = 1 ORDER BY `appointmentDate` DESC, `appointmentTime` DESC LIMIT 0, 20;
[0mGET /api/account/appointments?page=1 [36m304[0m 29.029 ms - -[0m
Executing (default): SELECT `id`, `full_name` AS `fullName`, `phone`, `email`, `customer_code` AS `customerCode`, `password_hash` AS `passwordHash`, `preferred_barber_id` AS `preferredBarberId`, `favorite_service_id` AS `favoriteServiceId`, `avatar_url` AS `avatarUrl`, `reminder_opt_in` AS `reminderOptIn`, `is_active` AS `isActive`, `last_login_at` AS `lastLoginAt`, `created_at` AS `createdAt`, `updated_at` AS `updatedAt` FROM `customers` AS `Customer` WHERE `Customer`.`id` = 1;
Executing (default): SELECT `id`, `full_name` AS `fullName`, `phone`, `email`, `customer_code` AS `customerCode`, `password_hash` AS `passwordHash`, `preferred_barber_id` AS `preferredBarberId`, `favorite_service_id` AS `favoriteServiceId`, `avatar_url` AS `avatarUrl`, `reminder_opt_in` AS `reminderOptIn`, `is_active` AS `isActive`, `last_login_at` AS `lastLoginAt`, `created_at` AS `createdAt`, `updated_at` AS `updatedAt` FROM `customers` AS `Customer` WHERE `Customer`.`id` = 1;
Executing (default): SELECT `Appointment`.`id`, `Appointment`.`reference_code` AS `referenceCode`, `Appointment`.`customer_name` AS `customerName`, `Appointment`.`customer_phone` AS `customerPhone`, `Appointment`.`customer_email` AS `customerEmail`, `Appointment`.`customer_id` AS `customerId`, `Appointment`.`service_id` AS `serviceId`, `Appointment`.`barber_id` AS `barberId`, `Appointment`.`appointment_date` AS `appointmentDate`, `Appointment`.`appointment_time` AS `appointmentTime`, `Appointment`.`total_amount` AS `totalAmount`, `Appointment`.`notes`, `Appointment`.`service_started_at` AS `serviceStartedAt`, `Appointment`.`completed_at` AS `completedAt`, `Appointment`.`cancelled_at` AS `cancelledAt`, `Appointment`.`cancellation_reason` AS `cancellationReason`, `Appointment`.`cancelled_by` AS `cancelledBy`, `Appointment`.`status`, `Appointment`.`created_at` AS `createdAt`, `Appointment`.`updated_at` AS `updatedAt`, `service`.`id` AS `service.id`, `service`.`name` AS `service.name`, `service`.`price` AS `service.price`, `service`.`duration` AS `service.duration`, `barber`.`id` AS `barber.id`, `barber`.`name` AS `barber.name`, `barber`.`image` AS `barber.image`, `payment`.`id` AS `payment.id`, `payment`.`status` AS `payment.status`, `payment`.`amount` AS `payment.amount`, `payment`.`payment_method` AS `payment.paymentMethod` FROM `appointments` AS `Appointment` LEFT OUTER JOIN `services` AS `service` ON `Appointment`.`service_id` = `service`.`id` LEFT OUTER JOIN `barbers` AS `barber` ON `Appointment`.`barber_id` = `barber`.`id` LEFT OUTER JOIN `payments` AS `payment` ON `Appointment`.`id` = `payment`.`appointment_id` WHERE `Appointment`.`customer_id` = 1 ORDER BY `appointmentDate` DESC, `appointmentTime` DESC LIMIT 200;
Executing (default): SELECT `Appointment`.`id`, `Appointment`.`status`, `payment`.`id` AS `payment.id`, `payment`.`status` AS `payment.status`, `payment`.`amount` AS `payment.amount` FROM `appointments` AS `Appointment` LEFT OUTER JOIN `payments` AS `payment` ON `Appointment`.`id` = `payment`.`appointment_id` WHERE `Appointment`.`customer_id` = 1;
Executing (default): SELECT count(`Appointment`.`id`) AS `count` FROM `appointments` AS `Appointment` LEFT OUTER JOIN `services` AS `service` ON `Appointment`.`service_id` = `service`.`id` LEFT OUTER JOIN `barbers` AS `barber` ON `Appointment`.`barber_id` = `barber`.`id` LEFT OUTER JOIN `payments` AS `payment` ON `Appointment`.`id` = `payment`.`appointment_id` WHERE `Appointment`.`customer_id` = 1;
Executing (default): SELECT `Appointment`.`id`, `Appointment`.`reference_code` AS `referenceCode`, `Appointment`.`customer_name` AS `customerName`, `Appointment`.`customer_phone` AS `customerPhone`, `Appointment`.`customer_email` AS `customerEmail`, `Appointment`.`customer_id` AS `customerId`, `Appointment`.`service_id` AS `serviceId`, `Appointment`.`barber_id` AS `barberId`, `Appointment`.`appointment_date` AS `appointmentDate`, `Appointment`.`appointment_time` AS `appointmentTime`, `Appointment`.`total_amount` AS `totalAmount`, `Appointment`.`notes`, `Appointment`.`service_started_at` AS `serviceStartedAt`, `Appointment`.`completed_at` AS `completedAt`, `Appointment`.`cancelled_at` AS `cancelledAt`, `Appointment`.`cancellation_reason` AS `cancellationReason`, `Appointment`.`cancelled_by` AS `cancelledBy`, `Appointment`.`status`, `Appointment`.`created_at` AS `createdAt`, `Appointment`.`updated_at` AS `updatedAt`, `service`.`id` AS `service.id`, `service`.`name` AS `service.name`, `service`.`price` AS `service.price`, `service`.`duration` AS `service.duration`, `barber`.`id` AS `barber.id`, `barber`.`name` AS `barber.name`, `barber`.`image` AS `barber.image`, `payment`.`id` AS `payment.id`, `payment`.`appointment_id` AS `payment.appointmentId`, `payment`.`customer_id` AS `payment.customerId`, `payment`.`amount` AS `payment.amount`, `payment`.`payment_method` AS `payment.paymentMethod`, `payment`.`transaction_reference` AS `payment.transactionReference`, `payment`.`payment_date` AS `payment.paymentDate`, `payment`.`receipt_url` AS `payment.receiptUrl`, `payment`.`receipt_public_id` AS `payment.receiptPublicId`, `payment`.`provider_ref` AS `payment.providerRef`, `payment`.`note` AS `payment.note`, `payment`.`status` AS `payment.status`, `payment`.`rejection_reason` AS `payment.rejectionReason`, `payment`.`verified_by` AS `payment.verifiedBy`, `payment`.`verified_at` AS `payment.verifiedAt`, `payment`.`access_token` AS `payment.accessToken`, `payment`.`created_at` AS `payment.createdAt`, `payment`.`updated_at` AS `payment.updatedAt` FROM `appointments` AS `Appointment` LEFT OUTER JOIN `services` AS `service` ON `Appointment`.`service_id` = `service`.`id` LEFT OUTER JOIN `barbers` AS `barber` ON `Appointment`.`barber_id` = `barber`.`id` LEFT OUTER JOIN `payments` AS `payment` ON `Appointment`.`id` = `payment`.`appointment_id` WHERE `Appointment`.`customer_id` = 1 ORDER BY `appointmentDate` DESC, `appointmentTime` DESC LIMIT 0, 20;
[0mGET /api/account/summary [36m304[0m 18.284 ms - -[0m
[0mGET /api/account/appointments?page=1 [36m304[0m 17.416 ms - -[0m
Executing (default): SELECT count(*) AS `count` FROM `services` AS `Service` WHERE `Service`.`is_active` = true;
Executing (default): SELECT `id`, `name`, `slug`, `description`, `price`, `duration`, `image`, `category`, `is_active` AS `isActive`, `created_at` AS `createdAt`, `updated_at` AS `updatedAt` FROM `services` AS `Service` WHERE `Service`.`is_active` = true ORDER BY `Service`.`name` ASC LIMIT 0, 100;
Executing (default): SELECT count(DISTINCT(`Barber`.`id`)) AS `count` FROM `barbers` AS `Barber` LEFT OUTER JOIN ( `barber_services` AS `services->BarberService` INNER JOIN `services` AS `services` ON `services`.`id` = `services->BarberService`.`service_id`) ON `Barber`.`id` = `services->BarberService`.`barber_id` WHERE `Barber`.`is_active` = true;
Executing (default): SELECT `Barber`.*, `services`.`id` AS `services.id`, `services`.`name` AS `services.name`, `services`.`slug` AS `services.slug`, `services`.`description` AS `services.description`, `services`.`price` AS `services.price`, `services`.`duration` AS `services.duration`, `services`.`image` AS `services.image`, `services`.`category` AS `services.category`, `services`.`is_active` AS `services.isActive`, `services`.`created_at` AS `services.createdAt`, `services`.`updated_at` AS `services.updatedAt` FROM (SELECT `Barber`.`id`, `Barber`.`name`, `Barber`.`slug`, `Barber`.`image`, `Barber`.`phone`, `Barber`.`email`, `Barber`.`specialty`, `Barber`.`biography`, `Barber`.`experience`, `Barber`.`rating`, `Barber`.`is_active` AS `isActive`, `Barber`.`created_at` AS `createdAt`, `Barber`.`updated_at` AS `updatedAt` FROM `barbers` AS `Barber` WHERE `Barber`.`is_active` = true ORDER BY `Barber`.`name` ASC LIMIT 0, 100) AS `Barber` LEFT OUTER JOIN ( `barber_services` AS `services->BarberService` INNER JOIN `services` AS `services` ON `services`.`id` = `services->BarberService`.`service_id`) ON `Barber`.`id` = `services->BarberService`.`barber_id` ORDER BY `Barber`.`name` ASC;
[0mGET /api/services?perPage=100 [36m304[0m 6.824 ms - -[0m
Executing (default): SELECT count(*) AS `count` FROM `services` AS `Service` WHERE `Service`.`is_active` = true;
Executing (default): SELECT `id`, `name`, `slug`, `description`, `price`, `duration`, `image`, `category`, `is_active` AS `isActive`, `created_at` AS `createdAt`, `updated_at` AS `updatedAt` FROM `services` AS `Service` WHERE `Service`.`is_active` = true ORDER BY `Service`.`name` ASC LIMIT 0, 100;
[0mGET /api/barbers?perPage=100 [36m304[0m 16.512 ms - -[0m
[0mGET /api/services?perPage=100 [36m304[0m 5.944 ms - -[0m
Executing (default): SELECT count(DISTINCT(`Barber`.`id`)) AS `count` FROM `barbers` AS `Barber` LEFT OUTER JOIN ( `barber_services` AS `services->BarberService` INNER JOIN `services` AS `services` ON `services`.`id` = `services->BarberService`.`service_id`) ON `Barber`.`id` = `services->BarberService`.`barber_id` WHERE `Barber`.`is_active` = true;
Executing (default): SELECT `Barber`.*, `services`.`id` AS `services.id`, `services`.`name` AS `services.name`, `services`.`slug` AS `services.slug`, `services`.`description` AS `services.description`, `services`.`price` AS `services.price`, `services`.`duration` AS `services.duration`, `services`.`image` AS `services.image`, `services`.`category` AS `services.category`, `services`.`is_active` AS `services.isActive`, `services`.`created_at` AS `services.createdAt`, `services`.`updated_at` AS `services.updatedAt` FROM (SELECT `Barber`.`id`, `Barber`.`name`, `Barber`.`slug`, `Barber`.`image`, `Barber`.`phone`, `Barber`.`email`, `Barber`.`specialty`, `Barber`.`biography`, `Barber`.`experience`, `Barber`.`rating`, `Barber`.`is_active` AS `isActive`, `Barber`.`created_at` AS `createdAt`, `Barber`.`updated_at` AS `updatedAt` FROM `barbers` AS `Barber` WHERE `Barber`.`is_active` = true ORDER BY `Barber`.`name` ASC LIMIT 0, 100) AS `Barber` LEFT OUTER JOIN ( `barber_services` AS `services->BarberService` INNER JOIN `services` AS `services` ON `services`.`id` = `services->BarberService`.`service_id`) ON `Barber`.`id` = `services->BarberService`.`barber_id` ORDER BY `Barber`.`name` ASC;
[0mGET /api/barbers?perPage=100 [36m304[0m 9.811 ms - -[0m
Executing (default): SELECT `id`, `full_name` AS `fullName`, `phone`, `email`, `customer_code` AS `customerCode`, `password_hash` AS `passwordHash`, `preferred_barber_id` AS `preferredBarberId`, `favorite_service_id` AS `favoriteServiceId`, `avatar_url` AS `avatarUrl`, `reminder_opt_in` AS `reminderOptIn`, `is_active` AS `isActive`, `last_login_at` AS `lastLoginAt`, `created_at` AS `createdAt`, `updated_at` AS `updatedAt` FROM `customers` AS `Customer` WHERE `Customer`.`phone` = '09160208018' AND `Customer`.`is_active` = true LIMIT 1;
Executing (default): DELETE FROM `customer_otps` WHERE `phone` = '09160208018' AND `purpose` = 'LOGIN'
Executing (default): INSERT INTO `customer_otps` (`id`,`phone`,`purpose`,`code_hash`,`attempts`,`expires_at`,`created_at`,`updated_at`) VALUES (DEFAULT,?,?,?,?,?,?,?);
[mailer] delivered via resend to halifashuaibu12@gmail.com | messageId=cfbc861d-c115-42c1-b8c9-c1f9c445c80a
[0mPOST /api/account/otp/request [32m200[0m 1318.872 ms - 239[0m
Executing (default): SELECT `id`, `phone`, `purpose`, `code_hash` AS `codeHash`, `attempts`, `consumed_at` AS `consumedAt`, `expires_at` AS `expiresAt`, `created_at` AS `createdAt`, `updated_at` AS `updatedAt` FROM `customer_otps` AS `CustomerOtp` WHERE `CustomerOtp`.`phone` = '09160208018' AND `CustomerOtp`.`purpose` = 'LOGIN' AND `CustomerOtp`.`consumed_at` IS NULL AND `CustomerOtp`.`expires_at` > '2026-09-16 11:31:44' ORDER BY `createdAt` DESC LIMIT 1;
Executing (default): UPDATE `customer_otps` SET `consumed_at`=?,`updated_at`=? WHERE `id` = ?
Executing (default): SELECT `id`, `full_name` AS `fullName`, `phone`, `email`, `customer_code` AS `customerCode`, `password_hash` AS `passwordHash`, `preferred_barber_id` AS `preferredBarberId`, `favorite_service_id` AS `favoriteServiceId`, `avatar_url` AS `avatarUrl`, `reminder_opt_in` AS `reminderOptIn`, `is_active` AS `isActive`, `last_login_at` AS `lastLoginAt`, `created_at` AS `createdAt`, `updated_at` AS `updatedAt` FROM `customers` AS `Customer` WHERE `Customer`.`phone` = '09160208018' AND `Customer`.`is_active` = true LIMIT 1;
Executing (default): UPDATE `customers` SET `last_login_at`=?,`updated_at`=? WHERE `id` = ?
[0mPOST /api/account/otp/verify [32m200[0m 73.404 ms - 625[0m
Executing (default): SELECT `id`, `full_name` AS `fullName`, `phone`, `email`, `customer_code` AS `customerCode`, `password_hash` AS `passwordHash`, `preferred_barber_id` AS `preferredBarberId`, `favorite_service_id` AS `favoriteServiceId`, `avatar_url` AS `avatarUrl`, `reminder_opt_in` AS `reminderOptIn`, `is_active` AS `isActive`, `last_login_at` AS `lastLoginAt`, `created_at` AS `createdAt`, `updated_at` AS `updatedAt` FROM `customers` AS `Customer` WHERE `Customer`.`id` = 1;
Executing (default): SELECT `id`, `full_name` AS `fullName`, `phone`, `email`, `customer_code` AS `customerCode`, `password_hash` AS `passwordHash`, `preferred_barber_id` AS `preferredBarberId`, `favorite_service_id` AS `favoriteServiceId`, `avatar_url` AS `avatarUrl`, `reminder_opt_in` AS `reminderOptIn`, `is_active` AS `isActive`, `last_login_at` AS `lastLoginAt`, `created_at` AS `createdAt`, `updated_at` AS `updatedAt` FROM `customers` AS `Customer` WHERE `Customer`.`id` = 1;
Executing (default): SELECT `Appointment`.`id`, `Appointment`.`reference_code` AS `referenceCode`, `Appointment`.`customer_name` AS `customerName`, `Appointment`.`customer_phone` AS `customerPhone`, `Appointment`.`customer_email` AS `customerEmail`, `Appointment`.`customer_id` AS `customerId`, `Appointment`.`service_id` AS `serviceId`, `Appointment`.`barber_id` AS `barberId`, `Appointment`.`appointment_date` AS `appointmentDate`, `Appointment`.`appointment_time` AS `appointmentTime`, `Appointment`.`total_amount` AS `totalAmount`, `Appointment`.`notes`, `Appointment`.`service_started_at` AS `serviceStartedAt`, `Appointment`.`completed_at` AS `completedAt`, `Appointment`.`cancelled_at` AS `cancelledAt`, `Appointment`.`cancellation_reason` AS `cancellationReason`, `Appointment`.`cancelled_by` AS `cancelledBy`, `Appointment`.`status`, `Appointment`.`created_at` AS `createdAt`, `Appointment`.`updated_at` AS `updatedAt`, `service`.`id` AS `service.id`, `service`.`name` AS `service.name`, `service`.`price` AS `service.price`, `service`.`duration` AS `service.duration`, `barber`.`id` AS `barber.id`, `barber`.`name` AS `barber.name`, `barber`.`image` AS `barber.image`, `payment`.`id` AS `payment.id`, `payment`.`status` AS `payment.status`, `payment`.`amount` AS `payment.amount`, `payment`.`payment_method` AS `payment.paymentMethod` FROM `appointments` AS `Appointment` LEFT OUTER JOIN `services` AS `service` ON `Appointment`.`service_id` = `service`.`id` LEFT OUTER JOIN `barbers` AS `barber` ON `Appointment`.`barber_id` = `barber`.`id` LEFT OUTER JOIN `payments` AS `payment` ON `Appointment`.`id` = `payment`.`appointment_id` WHERE `Appointment`.`customer_id` = 1 ORDER BY `appointmentDate` DESC, `appointmentTime` DESC LIMIT 200;
Executing (default): SELECT `Appointment`.`id`, `Appointment`.`status`, `payment`.`id` AS `payment.id`, `payment`.`status` AS `payment.status`, `payment`.`amount` AS `payment.amount` FROM `appointments` AS `Appointment` LEFT OUTER JOIN `payments` AS `payment` ON `Appointment`.`id` = `payment`.`appointment_id` WHERE `Appointment`.`customer_id` = 1;
Executing (default): SELECT count(`Appointment`.`id`) AS `count` FROM `appointments` AS `Appointment` LEFT OUTER JOIN `services` AS `service` ON `Appointment`.`service_id` = `service`.`id` LEFT OUTER JOIN `barbers` AS `barber` ON `Appointment`.`barber_id` = `barber`.`id` LEFT OUTER JOIN `payments` AS `payment` ON `Appointment`.`id` = `payment`.`appointment_id` WHERE `Appointment`.`customer_id` = 1;
[0mGET /api/account/summary [36m304[0m 29.506 ms - -[0m
Executing (default): SELECT `Appointment`.`id`, `Appointment`.`reference_code` AS `referenceCode`, `Appointment`.`customer_name` AS `customerName`, `Appointment`.`customer_phone` AS `customerPhone`, `Appointment`.`customer_email` AS `customerEmail`, `Appointment`.`customer_id` AS `customerId`, `Appointment`.`service_id` AS `serviceId`, `Appointment`.`barber_id` AS `barberId`, `Appointment`.`appointment_date` AS `appointmentDate`, `Appointment`.`appointment_time` AS `appointmentTime`, `Appointment`.`total_amount` AS `totalAmount`, `Appointment`.`notes`, `Appointment`.`service_started_at` AS `serviceStartedAt`, `Appointment`.`completed_at` AS `completedAt`, `Appointment`.`cancelled_at` AS `cancelledAt`, `Appointment`.`cancellation_reason` AS `cancellationReason`, `Appointment`.`cancelled_by` AS `cancelledBy`, `Appointment`.`status`, `Appointment`.`created_at` AS `createdAt`, `Appointment`.`updated_at` AS `updatedAt`, `service`.`id` AS `service.id`, `service`.`name` AS `service.name`, `service`.`price` AS `service.price`, `service`.`duration` AS `service.duration`, `barber`.`id` AS `barber.id`, `barber`.`name` AS `barber.name`, `barber`.`image` AS `barber.image`, `payment`.`id` AS `payment.id`, `payment`.`appointment_id` AS `payment.appointmentId`, `payment`.`customer_id` AS `payment.customerId`, `payment`.`amount` AS `payment.amount`, `payment`.`payment_method` AS `payment.paymentMethod`, `payment`.`transaction_reference` AS `payment.transactionReference`, `payment`.`payment_date` AS `payment.paymentDate`, `payment`.`receipt_url` AS `payment.receiptUrl`, `payment`.`receipt_public_id` AS `payment.receiptPublicId`, `payment`.`provider_ref` AS `payment.providerRef`, `payment`.`note` AS `payment.note`, `payment`.`status` AS `payment.status`, `payment`.`rejection_reason` AS `payment.rejectionReason`, `payment`.`verified_by` AS `payment.verifiedBy`, `payment`.`verified_at` AS `payment.verifiedAt`, `payment`.`access_token` AS `payment.accessToken`, `payment`.`created_at` AS `payment.createdAt`, `payment`.`updated_at` AS `payment.updatedAt` FROM `appointments` AS `Appointment` LEFT OUTER JOIN `services` AS `service` ON `Appointment`.`service_id` = `service`.`id` LEFT OUTER JOIN `barbers` AS `barber` ON `Appointment`.`barber_id` = `barber`.`id` LEFT OUTER JOIN `payments` AS `payment` ON `Appointment`.`id` = `payment`.`appointment_id` WHERE `Appointment`.`customer_id` = 1 ORDER BY `appointmentDate` DESC, `appointmentTime` DESC LIMIT 0, 20;
[0mGET /api/account/appointments?page=1 [36m304[0m 32.269 ms - -[0m
Executing (default): SELECT `id`, `full_name` AS `fullName`, `phone`, `email`, `customer_code` AS `customerCode`, `password_hash` AS `passwordHash`, `preferred_barber_id` AS `preferredBarberId`, `favorite_service_id` AS `favoriteServiceId`, `avatar_url` AS `avatarUrl`, `reminder_opt_in` AS `reminderOptIn`, `is_active` AS `isActive`, `last_login_at` AS `lastLoginAt`, `created_at` AS `createdAt`, `updated_at` AS `updatedAt` FROM `customers` AS `Customer` WHERE `Customer`.`id` = 1;
Executing (default): SELECT `id`, `full_name` AS `fullName`, `phone`, `email`, `customer_code` AS `customerCode`, `password_hash` AS `passwordHash`, `preferred_barber_id` AS `preferredBarberId`, `favorite_service_id` AS `favoriteServiceId`, `avatar_url` AS `avatarUrl`, `reminder_opt_in` AS `reminderOptIn`, `is_active` AS `isActive`, `last_login_at` AS `lastLoginAt`, `created_at` AS `createdAt`, `updated_at` AS `updatedAt` FROM `customers` AS `Customer` WHERE `Customer`.`id` = 1;
Executing (default): SELECT `Appointment`.`id`, `Appointment`.`reference_code` AS `referenceCode`, `Appointment`.`customer_name` AS `customerName`, `Appointment`.`customer_phone` AS `customerPhone`, `Appointment`.`customer_email` AS `customerEmail`, `Appointment`.`customer_id` AS `customerId`, `Appointment`.`service_id` AS `serviceId`, `Appointment`.`barber_id` AS `barberId`, `Appointment`.`appointment_date` AS `appointmentDate`, `Appointment`.`appointment_time` AS `appointmentTime`, `Appointment`.`total_amount` AS `totalAmount`, `Appointment`.`notes`, `Appointment`.`service_started_at` AS `serviceStartedAt`, `Appointment`.`completed_at` AS `completedAt`, `Appointment`.`cancelled_at` AS `cancelledAt`, `Appointment`.`cancellation_reason` AS `cancellationReason`, `Appointment`.`cancelled_by` AS `cancelledBy`, `Appointment`.`status`, `Appointment`.`created_at` AS `createdAt`, `Appointment`.`updated_at` AS `updatedAt`, `service`.`id` AS `service.id`, `service`.`name` AS `service.name`, `service`.`price` AS `service.price`, `service`.`duration` AS `service.duration`, `barber`.`id` AS `barber.id`, `barber`.`name` AS `barber.name`, `barber`.`image` AS `barber.image`, `payment`.`id` AS `payment.id`, `payment`.`status` AS `payment.status`, `payment`.`amount` AS `payment.amount`, `payment`.`payment_method` AS `payment.paymentMethod` FROM `appointments` AS `Appointment` LEFT OUTER JOIN `services` AS `service` ON `Appointment`.`service_id` = `service`.`id` LEFT OUTER JOIN `barbers` AS `barber` ON `Appointment`.`barber_id` = `barber`.`id` LEFT OUTER JOIN `payments` AS `payment` ON `Appointment`.`id` = `payment`.`appointment_id` WHERE `Appointment`.`customer_id` = 1 ORDER BY `appointmentDate` DESC, `appointmentTime` DESC LIMIT 200;
Executing (default): SELECT `Appointment`.`id`, `Appointment`.`status`, `payment`.`id` AS `payment.id`, `payment`.`status` AS `payment.status`, `payment`.`amount` AS `payment.amount` FROM `appointments` AS `Appointment` LEFT OUTER JOIN `payments` AS `payment` ON `Appointment`.`id` = `payment`.`appointment_id` WHERE `Appointment`.`customer_id` = 1;
Executing (default): SELECT count(`Appointment`.`id`) AS `count` FROM `appointments` AS `Appointment` LEFT OUTER JOIN `services` AS `service` ON `Appointment`.`service_id` = `service`.`id` LEFT OUTER JOIN `barbers` AS `barber` ON `Appointment`.`barber_id` = `barber`.`id` LEFT OUTER JOIN `payments` AS `payment` ON `Appointment`.`id` = `payment`.`appointment_id` WHERE `Appointment`.`customer_id` = 1;
Executing (default): SELECT `Appointment`.`id`, `Appointment`.`reference_code` AS `referenceCode`, `Appointment`.`customer_name` AS `customerName`, `Appointment`.`customer_phone` AS `customerPhone`, `Appointment`.`customer_email` AS `customerEmail`, `Appointment`.`customer_id` AS `customerId`, `Appointment`.`service_id` AS `serviceId`, `Appointment`.`barber_id` AS `barberId`, `Appointment`.`appointment_date` AS `appointmentDate`, `Appointment`.`appointment_time` AS `appointmentTime`, `Appointment`.`total_amount` AS `totalAmount`, `Appointment`.`notes`, `Appointment`.`service_started_at` AS `serviceStartedAt`, `Appointment`.`completed_at` AS `completedAt`, `Appointment`.`cancelled_at` AS `cancelledAt`, `Appointment`.`cancellation_reason` AS `cancellationReason`, `Appointment`.`cancelled_by` AS `cancelledBy`, `Appointment`.`status`, `Appointment`.`created_at` AS `createdAt`, `Appointment`.`updated_at` AS `updatedAt`, `service`.`id` AS `service.id`, `service`.`name` AS `service.name`, `service`.`price` AS `service.price`, `service`.`duration` AS `service.duration`, `barber`.`id` AS `barber.id`, `barber`.`name` AS `barber.name`, `barber`.`image` AS `barber.image`, `payment`.`id` AS `payment.id`, `payment`.`appointment_id` AS `payment.appointmentId`, `payment`.`customer_id` AS `payment.customerId`, `payment`.`amount` AS `payment.amount`, `payment`.`payment_method` AS `payment.paymentMethod`, `payment`.`transaction_reference` AS `payment.transactionReference`, `payment`.`payment_date` AS `payment.paymentDate`, `payment`.`receipt_url` AS `payment.receiptUrl`, `payment`.`receipt_public_id` AS `payment.receiptPublicId`, `payment`.`provider_ref` AS `payment.providerRef`, `payment`.`note` AS `payment.note`, `payment`.`status` AS `payment.status`, `payment`.`rejection_reason` AS `payment.rejectionReason`, `payment`.`verified_by` AS `payment.verifiedBy`, `payment`.`verified_at` AS `payment.verifiedAt`, `payment`.`access_token` AS `payment.accessToken`, `payment`.`created_at` AS `payment.createdAt`, `payment`.`updated_at` AS `payment.updatedAt` FROM `appointments` AS `Appointment` LEFT OUTER JOIN `services` AS `service` ON `Appointment`.`service_id` = `service`.`id` LEFT OUTER JOIN `barbers` AS `barber` ON `Appointment`.`barber_id` = `barber`.`id` LEFT OUTER JOIN `payments` AS `payment` ON `Appointment`.`id` = `payment`.`appointment_id` WHERE `Appointment`.`customer_id` = 1 ORDER BY `appointmentDate` DESC, `appointmentTime` DESC LIMIT 0, 20;
[0mGET /api/account/summary [36m304[0m 17.681 ms - -[0m
[0mGET /api/account/appointments?page=1 [36m304[0m 17.843 ms - -[0m
Executing (default): SELECT count(*) AS `count` FROM `services` AS `Service` WHERE `Service`.`is_active` = true;
Executing (default): SELECT `id`, `name`, `slug`, `description`, `price`, `duration`, `image`, `category`, `is_active` AS `isActive`, `created_at` AS `createdAt`, `updated_at` AS `updatedAt` FROM `services` AS `Service` WHERE `Service`.`is_active` = true ORDER BY `Service`.`name` ASC LIMIT 0, 100;
Executing (default): SELECT count(DISTINCT(`Barber`.`id`)) AS `count` FROM `barbers` AS `Barber` LEFT OUTER JOIN ( `barber_services` AS `services->BarberService` INNER JOIN `services` AS `services` ON `services`.`id` = `services->BarberService`.`service_id`) ON `Barber`.`id` = `services->BarberService`.`barber_id` WHERE `Barber`.`is_active` = true;
Executing (default): SELECT `Barber`.*, `services`.`id` AS `services.id`, `services`.`name` AS `services.name`, `services`.`slug` AS `services.slug`, `services`.`description` AS `services.description`, `services`.`price` AS `services.price`, `services`.`duration` AS `services.duration`, `services`.`image` AS `services.image`, `services`.`category` AS `services.category`, `services`.`is_active` AS `services.isActive`, `services`.`created_at` AS `services.createdAt`, `services`.`updated_at` AS `services.updatedAt` FROM (SELECT `Barber`.`id`, `Barber`.`name`, `Barber`.`slug`, `Barber`.`image`, `Barber`.`phone`, `Barber`.`email`, `Barber`.`specialty`, `Barber`.`biography`, `Barber`.`experience`, `Barber`.`rating`, `Barber`.`is_active` AS `isActive`, `Barber`.`created_at` AS `createdAt`, `Barber`.`updated_at` AS `updatedAt` FROM `barbers` AS `Barber` WHERE `Barber`.`is_active` = true ORDER BY `Barber`.`name` ASC LIMIT 0, 100) AS `Barber` LEFT OUTER JOIN ( `barber_services` AS `services->BarberService` INNER JOIN `services` AS `services` ON `services`.`id` = `services->BarberService`.`service_id`) ON `Barber`.`id` = `services->BarberService`.`barber_id` ORDER BY `Barber`.`name` ASC;
Executing (default): SELECT `id`, `full_name` AS `fullName`, `phone`, `email`, `customer_code` AS `customerCode`, `password_hash` AS `passwordHash`, `preferred_barber_id` AS `preferredBarberId`, `favorite_service_id` AS `favoriteServiceId`, `avatar_url` AS `avatarUrl`, `reminder_opt_in` AS `reminderOptIn`, `is_active` AS `isActive`, `last_login_at` AS `lastLoginAt`, `created_at` AS `createdAt`, `updated_at` AS `updatedAt` FROM `customers` AS `Customer` WHERE `Customer`.`id` = 1;
[0mGET /api/services?perPage=100 [36m304[0m 28.779 ms - -[0m
Executing (default): SELECT `Appointment`.`id`, `Appointment`.`reference_code` AS `referenceCode`, `Appointment`.`customer_name` AS `customerName`, `Appointment`.`customer_phone` AS `customerPhone`, `Appointment`.`customer_email` AS `customerEmail`, `Appointment`.`customer_id` AS `customerId`, `Appointment`.`service_id` AS `serviceId`, `Appointment`.`barber_id` AS `barberId`, `Appointment`.`appointment_date` AS `appointmentDate`, `Appointment`.`appointment_time` AS `appointmentTime`, `Appointment`.`total_amount` AS `totalAmount`, `Appointment`.`notes`, `Appointment`.`service_started_at` AS `serviceStartedAt`, `Appointment`.`completed_at` AS `completedAt`, `Appointment`.`cancelled_at` AS `cancelledAt`, `Appointment`.`cancellation_reason` AS `cancellationReason`, `Appointment`.`cancelled_by` AS `cancelledBy`, `Appointment`.`status`, `Appointment`.`created_at` AS `createdAt`, `Appointment`.`updated_at` AS `updatedAt`, `service`.`id` AS `service.id`, `service`.`name` AS `service.name`, `service`.`price` AS `service.price`, `service`.`duration` AS `service.duration`, `barber`.`id` AS `barber.id`, `barber`.`name` AS `barber.name` FROM `appointments` AS `Appointment` LEFT OUTER JOIN `services` AS `service` ON `Appointment`.`service_id` = `service`.`id` LEFT OUTER JOIN `barbers` AS `barber` ON `Appointment`.`barber_id` = `barber`.`id` WHERE `Appointment`.`customer_id` = 1 ORDER BY `createdAt` DESC LIMIT 1;
Executing (default): SELECT `service_id` AS `serviceId` FROM `appointments` AS `Appointment` WHERE `Appointment`.`customer_id` = 1 GROUP BY `serviceId`;
[0mGET /api/barbers?perPage=100 [36m304[0m 40.862 ms - -[0m
Executing (default): SELECT count(*) AS `count` FROM `services` AS `Service` WHERE `Service`.`is_active` = true;
Executing (default): SELECT `id`, `name`, `slug`, `description`, `price`, `duration`, `image`, `category`, `is_active` AS `isActive`, `created_at` AS `createdAt`, `updated_at` AS `updatedAt` FROM `services` AS `Service` WHERE `Service`.`is_active` = true ORDER BY `Service`.`name` ASC LIMIT 0, 100;
[0mGET /api/account/booking-prefill [36m304[0m 40.439 ms - -[0m
[0mGET /api/services?perPage=100 [36m304[0m 9.701 ms - -[0m
Executing (default): SELECT count(DISTINCT(`Barber`.`id`)) AS `count` FROM `barbers` AS `Barber` LEFT OUTER JOIN ( `barber_services` AS `services->BarberService` INNER JOIN `services` AS `services` ON `services`.`id` = `services->BarberService`.`service_id`) ON `Barber`.`id` = `services->BarberService`.`barber_id` WHERE `Barber`.`is_active` = true;
Executing (default): SELECT `Barber`.*, `services`.`id` AS `services.id`, `services`.`name` AS `services.name`, `services`.`slug` AS `services.slug`, `services`.`description` AS `services.description`, `services`.`price` AS `services.price`, `services`.`duration` AS `services.duration`, `services`.`image` AS `services.image`, `services`.`category` AS `services.category`, `services`.`is_active` AS `services.isActive`, `services`.`created_at` AS `services.createdAt`, `services`.`updated_at` AS `services.updatedAt` FROM (SELECT `Barber`.`id`, `Barber`.`name`, `Barber`.`slug`, `Barber`.`image`, `Barber`.`phone`, `Barber`.`email`, `Barber`.`specialty`, `Barber`.`biography`, `Barber`.`experience`, `Barber`.`rating`, `Barber`.`is_active` AS `isActive`, `Barber`.`created_at` AS `createdAt`, `Barber`.`updated_at` AS `updatedAt` FROM `barbers` AS `Barber` WHERE `Barber`.`is_active` = true ORDER BY `Barber`.`name` ASC LIMIT 0, 100) AS `Barber` LEFT OUTER JOIN ( `barber_services` AS `services->BarberService` INNER JOIN `services` AS `services` ON `services`.`id` = `services->BarberService`.`service_id`) ON `Barber`.`id` = `services->BarberService`.`barber_id` ORDER BY `Barber`.`name` ASC;
[0mGET /api/barbers?perPage=100 [36m304[0m 17.152 ms - -[0m
Executing (default): SELECT `id`, `full_name` AS `fullName`, `phone`, `email`, `customer_code` AS `customerCode`, `password_hash` AS `passwordHash`, `preferred_barber_id` AS `preferredBarberId`, `favorite_service_id` AS `favoriteServiceId`, `avatar_url` AS `avatarUrl`, `reminder_opt_in` AS `reminderOptIn`, `is_active` AS `isActive`, `last_login_at` AS `lastLoginAt`, `created_at` AS `createdAt`, `updated_at` AS `updatedAt` FROM `customers` AS `Customer` WHERE `Customer`.`id` = 1;
[0mGET /api/account/me [32m200[0m 6.805 ms - 372[0m
Executing (default): SELECT `id`, `full_name` AS `fullName`, `phone`, `email`, `customer_code` AS `customerCode`, `password_hash` AS `passwordHash`, `preferred_barber_id` AS `preferredBarberId`, `favorite_service_id` AS `favoriteServiceId`, `avatar_url` AS `avatarUrl`, `reminder_opt_in` AS `reminderOptIn`, `is_active` AS `isActive`, `last_login_at` AS `lastLoginAt`, `created_at` AS `createdAt`, `updated_at` AS `updatedAt` FROM `customers` AS `Customer` WHERE `Customer`.`id` = 1;
[0mGET /api/account/me [36m304[0m 2.371 ms - -[0m
Executing (default): SELECT `id`, `name`, `email`, `password`, `role`, `is_active` AS `isActive`, `created_at` AS `createdAt`, `updated_at` AS `updatedAt` FROM `admins` AS `Admin` WHERE `Admin`.`email` = 'admin@sawabasalon.com';
[0mPOST /api/auth/login [32m200[0m 452.155 ms - 477[0m
Executing (default): SELECT `id`, `name`, `email`, `password`, `role`, `is_active` AS `isActive`, `created_at` AS `createdAt`, `updated_at` AS `updatedAt` FROM `admins` AS `Admin` WHERE `Admin`.`id` = 1;
Executing (default): SELECT count(*) AS `count` FROM `appointments` AS `Appointment`;
Executing (default): SELECT count(*) AS `count` FROM `appointments` AS `Appointment` WHERE `Appointment`.`status` IN ('PAYMENT_REQUIRED', 'PAYMENT_SUBMITTED');
Executing (default): SELECT count(*) AS `count` FROM `appointments` AS `Appointment` WHERE `Appointment`.`status` IN ('PAYMENT_VERIFIED', 'READY_FOR_SERVICE', 'IN_PROGRESS');
Executing (default): SELECT count(*) AS `count` FROM `appointments` AS `Appointment` WHERE `Appointment`.`status` = 'COMPLETED';
Executing (default): SELECT count(*) AS `count` FROM `appointments` AS `Appointment` WHERE `Appointment`.`status` = 'CANCELLED';
Executing (default): SELECT count(*) AS `count` FROM `customers` AS `Customer`;
Executing (default): SELECT count(*) AS `count` FROM `barbers` AS `Barber`;
Executing (default): SELECT count(*) AS `count` FROM `services` AS `Service` WHERE `Service`.`is_active` = true;
Executing (default): SELECT count(*) AS `count` FROM `payments` AS `Payment` WHERE `Payment`.`status` = 'PENDING_VERIFICATION';
Executing (default): SELECT count(*) AS `count` FROM `payments` AS `Payment` WHERE `Payment`.`status` = 'PAID';
Executing (default): SELECT count(*) AS `count` FROM `payments` AS `Payment` WHERE `Payment`.`status` = 'REJECTED';
Executing (default): SELECT COALESCE(SUM(`amount`), 0) AS `revenue` FROM `payments` AS `Payment` WHERE `Payment`.`status` = 'PAID' LIMIT 1;
Executing (default): SELECT `Appointment`.`id`, `Appointment`.`reference_code` AS `referenceCode`, `Appointment`.`customer_name` AS `customerName`, `Appointment`.`customer_phone` AS `customerPhone`, `Appointment`.`customer_email` AS `customerEmail`, `Appointment`.`customer_id` AS `customerId`, `Appointment`.`service_id` AS `serviceId`, `Appointment`.`barber_id` AS `barberId`, `Appointment`.`appointment_date` AS `appointmentDate`, `Appointment`.`appointment_time` AS `appointmentTime`, `Appointment`.`total_amount` AS `totalAmount`, `Appointment`.`notes`, `Appointment`.`service_started_at` AS `serviceStartedAt`, `Appointment`.`completed_at` AS `completedAt`, `Appointment`.`cancelled_at` AS `cancelledAt`, `Appointment`.`cancellation_reason` AS `cancellationReason`, `Appointment`.`cancelled_by` AS `cancelledBy`, `Appointment`.`status`, `Appointment`.`created_at` AS `createdAt`, `Appointment`.`updated_at` AS `updatedAt`, `service`.`id` AS `service.id`, `service`.`name` AS `service.name`, `barber`.`id` AS `barber.id`, `barber`.`name` AS `barber.name` FROM `appointments` AS `Appointment` LEFT OUTER JOIN `services` AS `service` ON `Appointment`.`service_id` = `service`.`id` LEFT OUTER JOIN `barbers` AS `barber` ON `Appointment`.`barber_id` = `barber`.`id` ORDER BY `createdAt` DESC LIMIT 8;
[0mGET /api/admin/dashboard [36m304[0m 35.846 ms - -[0m
Executing (default): SELECT `id`, `name`, `email`, `password`, `role`, `is_active` AS `isActive`, `created_at` AS `createdAt`, `updated_at` AS `updatedAt` FROM `admins` AS `Admin` WHERE `Admin`.`id` = 1;
Executing (default): SELECT count(*) AS `count` FROM `appointments` AS `Appointment`;
Executing (default): SELECT count(*) AS `count` FROM `appointments` AS `Appointment` WHERE `Appointment`.`status` IN ('PAYMENT_REQUIRED', 'PAYMENT_SUBMITTED');
Executing (default): SELECT count(*) AS `count` FROM `appointments` AS `Appointment` WHERE `Appointment`.`status` IN ('PAYMENT_VERIFIED', 'READY_FOR_SERVICE', 'IN_PROGRESS');
Executing (default): SELECT count(*) AS `count` FROM `appointments` AS `Appointment` WHERE `Appointment`.`status` = 'COMPLETED';
Executing (default): SELECT count(*) AS `count` FROM `appointments` AS `Appointment` WHERE `Appointment`.`status` = 'CANCELLED';
Executing (default): SELECT count(*) AS `count` FROM `customers` AS `Customer`;
Executing (default): SELECT count(*) AS `count` FROM `barbers` AS `Barber`;
Executing (default): SELECT count(*) AS `count` FROM `services` AS `Service` WHERE `Service`.`is_active` = true;
Executing (default): SELECT count(*) AS `count` FROM `payments` AS `Payment` WHERE `Payment`.`status` = 'PENDING_VERIFICATION';
Executing (default): SELECT count(*) AS `count` FROM `payments` AS `Payment` WHERE `Payment`.`status` = 'PAID';
Executing (default): SELECT count(*) AS `count` FROM `payments` AS `Payment` WHERE `Payment`.`status` = 'REJECTED';
Executing (default): SELECT COALESCE(SUM(`amount`), 0) AS `revenue` FROM `payments` AS `Payment` WHERE `Payment`.`status` = 'PAID' LIMIT 1;
Executing (default): SELECT `Appointment`.`id`, `Appointment`.`reference_code` AS `referenceCode`, `Appointment`.`customer_name` AS `customerName`, `Appointment`.`customer_phone` AS `customerPhone`, `Appointment`.`customer_email` AS `customerEmail`, `Appointment`.`customer_id` AS `customerId`, `Appointment`.`service_id` AS `serviceId`, `Appointment`.`barber_id` AS `barberId`, `Appointment`.`appointment_date` AS `appointmentDate`, `Appointment`.`appointment_time` AS `appointmentTime`, `Appointment`.`total_amount` AS `totalAmount`, `Appointment`.`notes`, `Appointment`.`service_started_at` AS `serviceStartedAt`, `Appointment`.`completed_at` AS `completedAt`, `Appointment`.`cancelled_at` AS `cancelledAt`, `Appointment`.`cancellation_reason` AS `cancellationReason`, `Appointment`.`cancelled_by` AS `cancelledBy`, `Appointment`.`status`, `Appointment`.`created_at` AS `createdAt`, `Appointment`.`updated_at` AS `updatedAt`, `service`.`id` AS `service.id`, `service`.`name` AS `service.name`, `barber`.`id` AS `barber.id`, `barber`.`name` AS `barber.name` FROM `appointments` AS `Appointment` LEFT OUTER JOIN `services` AS `service` ON `Appointment`.`service_id` = `service`.`id` LEFT OUTER JOIN `barbers` AS `barber` ON `Appointment`.`barber_id` = `barber`.`id` ORDER BY `createdAt` DESC LIMIT 8;
[0mGET /api/admin/dashboard [36m304[0m 11.126 ms - -[0m
Executing (default): SELECT `id`, `name`, `email`, `password`, `role`, `is_active` AS `isActive`, `created_at` AS `createdAt`, `updated_at` AS `updatedAt` FROM `admins` AS `Admin` WHERE `Admin`.`id` = 1;
Executing (default): SELECT count(DISTINCT(`Payment`.`id`)) AS `count` FROM `payments` AS `Payment` LEFT OUTER JOIN `appointments` AS `appointment` ON `Payment`.`appointment_id` = `appointment`.`id` LEFT OUTER JOIN `services` AS `appointment->service` ON `appointment`.`service_id` = `appointment->service`.`id` LEFT OUTER JOIN `barbers` AS `appointment->barber` ON `appointment`.`barber_id` = `appointment->barber`.`id`;
Executing (default): SELECT `Payment`.`id`, `Payment`.`appointment_id` AS `appointmentId`, `Payment`.`customer_id` AS `customerId`, `Payment`.`amount`, `Payment`.`payment_method` AS `paymentMethod`, `Payment`.`transaction_reference` AS `transactionReference`, `Payment`.`payment_date` AS `paymentDate`, `Payment`.`receipt_url` AS `receiptUrl`, `Payment`.`receipt_public_id` AS `receiptPublicId`, `Payment`.`provider_ref` AS `providerRef`, `Payment`.`note`, `Payment`.`status`, `Payment`.`rejection_reason` AS `rejectionReason`, `Payment`.`verified_by` AS `verifiedBy`, `Payment`.`verified_at` AS `verifiedAt`, `Payment`.`access_token` AS `accessToken`, `Payment`.`created_at` AS `createdAt`, `Payment`.`updated_at` AS `updatedAt`, `appointment`.`id` AS `appointment.id`, `appointment`.`reference_code` AS `appointment.referenceCode`, `appointment`.`customer_name` AS `appointment.customerName`, `appointment`.`customer_phone` AS `appointment.customerPhone`, `appointment`.`customer_email` AS `appointment.customerEmail`, `appointment`.`customer_id` AS `appointment.customerId`, `appointment`.`service_id` AS `appointment.serviceId`, `appointment`.`barber_id` AS `appointment.barberId`, `appointment`.`appointment_date` AS `appointment.appointmentDate`, `appointment`.`appointment_time` AS `appointment.appointmentTime`, `appointment`.`total_amount` AS `appointment.totalAmount`, `appointment`.`notes` AS `appointment.notes`, `appointment`.`service_started_at` AS `appointment.serviceStartedAt`, `appointment`.`completed_at` AS `appointment.completedAt`, `appointment`.`cancelled_at` AS `appointment.cancelledAt`, `appointment`.`cancellation_reason` AS `appointment.cancellationReason`, `appointment`.`cancelled_by` AS `appointment.cancelledBy`, `appointment`.`status` AS `appointment.status`, `appointment`.`created_at` AS `appointment.createdAt`, `appointment`.`updated_at` AS `appointment.updatedAt`, `appointment->service`.`id` AS `appointment.service.id`, `appointment->service`.`name` AS `appointment.service.name`, `appointment->service`.`slug` AS `appointment.service.slug`, `appointment->service`.`description` AS `appointment.service.description`, `appointment->service`.`price` AS `appointment.service.price`, `appointment->service`.`duration` AS `appointment.service.duration`, `appointment->service`.`image` AS `appointment.service.image`, `appointment->service`.`category` AS `appointment.service.category`, `appointment->service`.`is_active` AS `appointment.service.isActive`, `appointment->service`.`created_at` AS `appointment.service.createdAt`, `appointment->service`.`updated_at` AS `appointment.service.updatedAt`, `appointment->barber`.`id` AS `appointment.barber.id`, `appointment->barber`.`name` AS `appointment.barber.name`, `appointment->barber`.`slug` AS `appointment.barber.slug`, `appointment->barber`.`image` AS `appointment.barber.image`, `appointment->barber`.`phone` AS `appointment.barber.phone`, `appointment->barber`.`email` AS `appointment.barber.email`, `appointment->barber`.`specialty` AS `appointment.barber.specialty`, `appointment->barber`.`biography` AS `appointment.barber.biography`, `appointment->barber`.`experience` AS `appointment.barber.experience`, `appointment->barber`.`rating` AS `appointment.barber.rating`, `appointment->barber`.`is_active` AS `appointment.barber.isActive`, `appointment->barber`.`created_at` AS `appointment.barber.createdAt`, `appointment->barber`.`updated_at` AS `appointment.barber.updatedAt` FROM `payments` AS `Payment` LEFT OUTER JOIN `appointments` AS `appointment` ON `Payment`.`appointment_id` = `appointment`.`id` LEFT OUTER JOIN `services` AS `appointment->service` ON `appointment`.`service_id` = `appointment->service`.`id` LEFT OUTER JOIN `barbers` AS `appointment->barber` ON `appointment`.`barber_id` = `appointment->barber`.`id` ORDER BY `createdAt` DESC LIMIT 0, 15;
[0mGET /api/admin/payments?page=1&perPage=15 [36m304[0m 10.600 ms - -[0m
Executing (default): SELECT `id`, `name`, `email`, `password`, `role`, `is_active` AS `isActive`, `created_at` AS `createdAt`, `updated_at` AS `updatedAt` FROM `admins` AS `Admin` WHERE `Admin`.`id` = 1;
Executing (default): SELECT count(DISTINCT(`Payment`.`id`)) AS `count` FROM `payments` AS `Payment` LEFT OUTER JOIN `appointments` AS `appointment` ON `Payment`.`appointment_id` = `appointment`.`id` LEFT OUTER JOIN `services` AS `appointment->service` ON `appointment`.`service_id` = `appointment->service`.`id` LEFT OUTER JOIN `barbers` AS `appointment->barber` ON `appointment`.`barber_id` = `appointment->barber`.`id`;
Executing (default): SELECT `Payment`.`id`, `Payment`.`appointment_id` AS `appointmentId`, `Payment`.`customer_id` AS `customerId`, `Payment`.`amount`, `Payment`.`payment_method` AS `paymentMethod`, `Payment`.`transaction_reference` AS `transactionReference`, `Payment`.`payment_date` AS `paymentDate`, `Payment`.`receipt_url` AS `receiptUrl`, `Payment`.`receipt_public_id` AS `receiptPublicId`, `Payment`.`provider_ref` AS `providerRef`, `Payment`.`note`, `Payment`.`status`, `Payment`.`rejection_reason` AS `rejectionReason`, `Payment`.`verified_by` AS `verifiedBy`, `Payment`.`verified_at` AS `verifiedAt`, `Payment`.`access_token` AS `accessToken`, `Payment`.`created_at` AS `createdAt`, `Payment`.`updated_at` AS `updatedAt`, `appointment`.`id` AS `appointment.id`, `appointment`.`reference_code` AS `appointment.referenceCode`, `appointment`.`customer_name` AS `appointment.customerName`, `appointment`.`customer_phone` AS `appointment.customerPhone`, `appointment`.`customer_email` AS `appointment.customerEmail`, `appointment`.`customer_id` AS `appointment.customerId`, `appointment`.`service_id` AS `appointment.serviceId`, `appointment`.`barber_id` AS `appointment.barberId`, `appointment`.`appointment_date` AS `appointment.appointmentDate`, `appointment`.`appointment_time` AS `appointment.appointmentTime`, `appointment`.`total_amount` AS `appointment.totalAmount`, `appointment`.`notes` AS `appointment.notes`, `appointment`.`service_started_at` AS `appointment.serviceStartedAt`, `appointment`.`completed_at` AS `appointment.completedAt`, `appointment`.`cancelled_at` AS `appointment.cancelledAt`, `appointment`.`cancellation_reason` AS `appointment.cancellationReason`, `appointment`.`cancelled_by` AS `appointment.cancelledBy`, `appointment`.`status` AS `appointment.status`, `appointment`.`created_at` AS `appointment.createdAt`, `appointment`.`updated_at` AS `appointment.updatedAt`, `appointment->service`.`id` AS `appointment.service.id`, `appointment->service`.`name` AS `appointment.service.name`, `appointment->service`.`slug` AS `appointment.service.slug`, `appointment->service`.`description` AS `appointment.service.description`, `appointment->service`.`price` AS `appointment.service.price`, `appointment->service`.`duration` AS `appointment.service.duration`, `appointment->service`.`image` AS `appointment.service.image`, `appointment->service`.`category` AS `appointment.service.category`, `appointment->service`.`is_active` AS `appointment.service.isActive`, `appointment->service`.`created_at` AS `appointment.service.createdAt`, `appointment->service`.`updated_at` AS `appointment.service.updatedAt`, `appointment->barber`.`id` AS `appointment.barber.id`, `appointment->barber`.`name` AS `appointment.barber.name`, `appointment->barber`.`slug` AS `appointment.barber.slug`, `appointment->barber`.`image` AS `appointment.barber.image`, `appointment->barber`.`phone` AS `appointment.barber.phone`, `appointment->barber`.`email` AS `appointment.barber.email`, `appointment->barber`.`specialty` AS `appointment.barber.specialty`, `appointment->barber`.`biography` AS `appointment.barber.biography`, `appointment->barber`.`experience` AS `appointment.barber.experience`, `appointment->barber`.`rating` AS `appointment.barber.rating`, `appointment->barber`.`is_active` AS `appointment.barber.isActive`, `appointment->barber`.`created_at` AS `appointment.barber.createdAt`, `appointment->barber`.`updated_at` AS `appointment.barber.updatedAt` FROM `payments` AS `Payment` LEFT OUTER JOIN `appointments` AS `appointment` ON `Payment`.`appointment_id` = `appointment`.`id` LEFT OUTER JOIN `services` AS `appointment->service` ON `appointment`.`service_id` = `appointment->service`.`id` LEFT OUTER JOIN `barbers` AS `appointment->barber` ON `appointment`.`barber_id` = `appointment->barber`.`id` ORDER BY `createdAt` DESC LIMIT 0, 15;
[0mGET /api/admin/payments?page=1&perPage=15 [36m304[0m 10.211 ms - -[0m
Executing (default): SELECT `id`, `name`, `email`, `password`, `role`, `is_active` AS `isActive`, `created_at` AS `createdAt`, `updated_at` AS `updatedAt` FROM `admins` AS `Admin` WHERE `Admin`.`id` = 1;
Executing (default): SELECT `Payment`.`id`, `Payment`.`appointment_id` AS `appointmentId`, `Payment`.`customer_id` AS `customerId`, `Payment`.`amount`, `Payment`.`payment_method` AS `paymentMethod`, `Payment`.`transaction_reference` AS `transactionReference`, `Payment`.`payment_date` AS `paymentDate`, `Payment`.`receipt_url` AS `receiptUrl`, `Payment`.`receipt_public_id` AS `receiptPublicId`, `Payment`.`provider_ref` AS `providerRef`, `Payment`.`note`, `Payment`.`status`, `Payment`.`rejection_reason` AS `rejectionReason`, `Payment`.`verified_by` AS `verifiedBy`, `Payment`.`verified_at` AS `verifiedAt`, `Payment`.`access_token` AS `accessToken`, `Payment`.`created_at` AS `createdAt`, `Payment`.`updated_at` AS `updatedAt`, `appointment`.`id` AS `appointment.id`, `appointment`.`reference_code` AS `appointment.referenceCode`, `appointment`.`customer_name` AS `appointment.customerName`, `appointment`.`customer_phone` AS `appointment.customerPhone`, `appointment`.`customer_email` AS `appointment.customerEmail`, `appointment`.`customer_id` AS `appointment.customerId`, `appointment`.`service_id` AS `appointment.serviceId`, `appointment`.`barber_id` AS `appointment.barberId`, `appointment`.`appointment_date` AS `appointment.appointmentDate`, `appointment`.`appointment_time` AS `appointment.appointmentTime`, `appointment`.`total_amount` AS `appointment.totalAmount`, `appointment`.`notes` AS `appointment.notes`, `appointment`.`service_started_at` AS `appointment.serviceStartedAt`, `appointment`.`completed_at` AS `appointment.completedAt`, `appointment`.`cancelled_at` AS `appointment.cancelledAt`, `appointment`.`cancellation_reason` AS `appointment.cancellationReason`, `appointment`.`cancelled_by` AS `appointment.cancelledBy`, `appointment`.`status` AS `appointment.status`, `appointment`.`created_at` AS `appointment.createdAt`, `appointment`.`updated_at` AS `appointment.updatedAt`, `appointment->service`.`id` AS `appointment.service.id`, `appointment->service`.`name` AS `appointment.service.name`, `appointment->service`.`slug` AS `appointment.service.slug`, `appointment->service`.`description` AS `appointment.service.description`, `appointment->service`.`price` AS `appointment.service.price`, `appointment->service`.`duration` AS `appointment.service.duration`, `appointment->service`.`image` AS `appointment.service.image`, `appointment->service`.`category` AS `appointment.service.category`, `appointment->service`.`is_active` AS `appointment.service.isActive`, `appointment->service`.`created_at` AS `appointment.service.createdAt`, `appointment->service`.`updated_at` AS `appointment.service.updatedAt`, `appointment->barber`.`id` AS `appointment.barber.id`, `appointment->barber`.`name` AS `appointment.barber.name`, `appointment->barber`.`slug` AS `appointment.barber.slug`, `appointment->barber`.`image` AS `appointment.barber.image`, `appointment->barber`.`phone` AS `appointment.barber.phone`, `appointment->barber`.`email` AS `appointment.barber.email`, `appointment->barber`.`specialty` AS `appointment.barber.specialty`, `appointment->barber`.`biography` AS `appointment.barber.biography`, `appointment->barber`.`experience` AS `appointment.barber.experience`, `appointment->barber`.`rating` AS `appointment.barber.rating`, `appointment->barber`.`is_active` AS `appointment.barber.isActive`, `appointment->barber`.`created_at` AS `appointment.barber.createdAt`, `appointment->barber`.`updated_at` AS `appointment.barber.updatedAt` FROM `payments` AS `Payment` LEFT OUTER JOIN `appointments` AS `appointment` ON `Payment`.`appointment_id` = `appointment`.`id` LEFT OUTER JOIN `services` AS `appointment->service` ON `appointment`.`service_id` = `appointment->service`.`id` LEFT OUTER JOIN `barbers` AS `appointment->barber` ON `appointment`.`barber_id` = `appointment->barber`.`id` WHERE `Payment`.`id` = 1;
[0mPOST /api/admin/payments/1/verify [33m422[0m 12.313 ms - 77[0m
Executing (default): SELECT `id`, `name`, `email`, `password`, `role`, `is_active` AS `isActive`, `created_at` AS `createdAt`, `updated_at` AS `updatedAt` FROM `admins` AS `Admin` WHERE `Admin`.`id` = 1;
Executing (default): SELECT `Payment`.`id`, `Payment`.`appointment_id` AS `appointmentId`, `Payment`.`customer_id` AS `customerId`, `Payment`.`amount`, `Payment`.`payment_method` AS `paymentMethod`, `Payment`.`transaction_reference` AS `transactionReference`, `Payment`.`payment_date` AS `paymentDate`, `Payment`.`receipt_url` AS `receiptUrl`, `Payment`.`receipt_public_id` AS `receiptPublicId`, `Payment`.`provider_ref` AS `providerRef`, `Payment`.`note`, `Payment`.`status`, `Payment`.`rejection_reason` AS `rejectionReason`, `Payment`.`verified_by` AS `verifiedBy`, `Payment`.`verified_at` AS `verifiedAt`, `Payment`.`access_token` AS `accessToken`, `Payment`.`created_at` AS `createdAt`, `Payment`.`updated_at` AS `updatedAt`, `appointment`.`id` AS `appointment.id`, `appointment`.`reference_code` AS `appointment.referenceCode`, `appointment`.`customer_name` AS `appointment.customerName`, `appointment`.`customer_phone` AS `appointment.customerPhone`, `appointment`.`customer_email` AS `appointment.customerEmail`, `appointment`.`customer_id` AS `appointment.customerId`, `appointment`.`service_id` AS `appointment.serviceId`, `appointment`.`barber_id` AS `appointment.barberId`, `appointment`.`appointment_date` AS `appointment.appointmentDate`, `appointment`.`appointment_time` AS `appointment.appointmentTime`, `appointment`.`total_amount` AS `appointment.totalAmount`, `appointment`.`notes` AS `appointment.notes`, `appointment`.`service_started_at` AS `appointment.serviceStartedAt`, `appointment`.`completed_at` AS `appointment.completedAt`, `appointment`.`cancelled_at` AS `appointment.cancelledAt`, `appointment`.`cancellation_reason` AS `appointment.cancellationReason`, `appointment`.`cancelled_by` AS `appointment.cancelledBy`, `appointment`.`status` AS `appointment.status`, `appointment`.`created_at` AS `appointment.createdAt`, `appointment`.`updated_at` AS `appointment.updatedAt`, `appointment->service`.`id` AS `appointment.service.id`, `appointment->service`.`name` AS `appointment.service.name`, `appointment->service`.`slug` AS `appointment.service.slug`, `appointment->service`.`description` AS `appointment.service.description`, `appointment->service`.`price` AS `appointment.service.price`, `appointment->service`.`duration` AS `appointment.service.duration`, `appointment->service`.`image` AS `appointment.service.image`, `appointment->service`.`category` AS `appointment.service.category`, `appointment->service`.`is_active` AS `appointment.service.isActive`, `appointment->service`.`created_at` AS `appointment.service.createdAt`, `appointment->service`.`updated_at` AS `appointment.service.updatedAt`, `appointment->barber`.`id` AS `appointment.barber.id`, `appointment->barber`.`name` AS `appointment.barber.name`, `appointment->barber`.`slug` AS `appointment.barber.slug`, `appointment->barber`.`image` AS `appointment.barber.image`, `appointment->barber`.`phone` AS `appointment.barber.phone`, `appointment->barber`.`email` AS `appointment.barber.email`, `appointment->barber`.`specialty` AS `appointment.barber.specialty`, `appointment->barber`.`biography` AS `appointment.barber.biography`, `appointment->barber`.`experience` AS `appointment.barber.experience`, `appointment->barber`.`rating` AS `appointment.barber.rating`, `appointment->barber`.`is_active` AS `appointment.barber.isActive`, `appointment->barber`.`created_at` AS `appointment.barber.createdAt`, `appointment->barber`.`updated_at` AS `appointment.barber.updatedAt` FROM `payments` AS `Payment` LEFT OUTER JOIN `appointments` AS `appointment` ON `Payment`.`appointment_id` = `appointment`.`id` LEFT OUTER JOIN `services` AS `appointment->service` ON `appointment`.`service_id` = `appointment->service`.`id` LEFT OUTER JOIN `barbers` AS `appointment->barber` ON `appointment`.`barber_id` = `appointment->barber`.`id` WHERE `Payment`.`id` = 1;
[0mPOST /api/admin/payments/1/verify [33m422[0m 14.817 ms - 77[0m
Executing (default): SELECT `id`, `name`, `email`, `password`, `role`, `is_active` AS `isActive`, `created_at` AS `createdAt`, `updated_at` AS `updatedAt` FROM `admins` AS `Admin` WHERE `Admin`.`id` = 1;
Executing (default): SELECT `Payment`.`id`, `Payment`.`appointment_id` AS `appointmentId`, `Payment`.`customer_id` AS `customerId`, `Payment`.`amount`, `Payment`.`payment_method` AS `paymentMethod`, `Payment`.`transaction_reference` AS `transactionReference`, `Payment`.`payment_date` AS `paymentDate`, `Payment`.`receipt_url` AS `receiptUrl`, `Payment`.`receipt_public_id` AS `receiptPublicId`, `Payment`.`provider_ref` AS `providerRef`, `Payment`.`note`, `Payment`.`status`, `Payment`.`rejection_reason` AS `rejectionReason`, `Payment`.`verified_by` AS `verifiedBy`, `Payment`.`verified_at` AS `verifiedAt`, `Payment`.`access_token` AS `accessToken`, `Payment`.`created_at` AS `createdAt`, `Payment`.`updated_at` AS `updatedAt`, `appointment`.`id` AS `appointment.id`, `appointment`.`reference_code` AS `appointment.referenceCode`, `appointment`.`customer_name` AS `appointment.customerName`, `appointment`.`customer_phone` AS `appointment.customerPhone`, `appointment`.`customer_email` AS `appointment.customerEmail`, `appointment`.`customer_id` AS `appointment.customerId`, `appointment`.`service_id` AS `appointment.serviceId`, `appointment`.`barber_id` AS `appointment.barberId`, `appointment`.`appointment_date` AS `appointment.appointmentDate`, `appointment`.`appointment_time` AS `appointment.appointmentTime`, `appointment`.`total_amount` AS `appointment.totalAmount`, `appointment`.`notes` AS `appointment.notes`, `appointment`.`service_started_at` AS `appointment.serviceStartedAt`, `appointment`.`completed_at` AS `appointment.completedAt`, `appointment`.`cancelled_at` AS `appointment.cancelledAt`, `appointment`.`cancellation_reason` AS `appointment.cancellationReason`, `appointment`.`cancelled_by` AS `appointment.cancelledBy`, `appointment`.`status` AS `appointment.status`, `appointment`.`created_at` AS `appointment.createdAt`, `appointment`.`updated_at` AS `appointment.updatedAt`, `appointment->service`.`id` AS `appointment.service.id`, `appointment->service`.`name` AS `appointment.service.name`, `appointment->service`.`slug` AS `appointment.service.slug`, `appointment->service`.`description` AS `appointment.service.description`, `appointment->service`.`price` AS `appointment.service.price`, `appointment->service`.`duration` AS `appointment.service.duration`, `appointment->service`.`image` AS `appointment.service.image`, `appointment->service`.`category` AS `appointment.service.category`, `appointment->service`.`is_active` AS `appointment.service.isActive`, `appointment->service`.`created_at` AS `appointment.service.createdAt`, `appointment->service`.`updated_at` AS `appointment.service.updatedAt`, `appointment->barber`.`id` AS `appointment.barber.id`, `appointment->barber`.`name` AS `appointment.barber.name`, `appointment->barber`.`slug` AS `appointment.barber.slug`, `appointment->barber`.`image` AS `appointment.barber.image`, `appointment->barber`.`phone` AS `appointment.barber.phone`, `appointment->barber`.`email` AS `appointment.barber.email`, `appointment->barber`.`specialty` AS `appointment.barber.specialty`, `appointment->barber`.`biography` AS `appointment.barber.biography`, `appointment->barber`.`experience` AS `appointment.barber.experience`, `appointment->barber`.`rating` AS `appointment.barber.rating`, `appointment->barber`.`is_active` AS `appointment.barber.isActive`, `appointment->barber`.`created_at` AS `appointment.barber.createdAt`, `appointment->barber`.`updated_at` AS `appointment.barber.updatedAt` FROM `payments` AS `Payment` LEFT OUTER JOIN `appointments` AS `appointment` ON `Payment`.`appointment_id` = `appointment`.`id` LEFT OUTER JOIN `services` AS `appointment->service` ON `appointment`.`service_id` = `appointment->service`.`id` LEFT OUTER JOIN `barbers` AS `appointment->barber` ON `appointment`.`barber_id` = `appointment->barber`.`id` WHERE `Payment`.`id` = 1;
[0mPOST /api/admin/payments/1/verify [33m422[0m 10.156 ms - 77[0m
Executing (default): SELECT `id`, `name`, `email`, `password`, `role`, `is_active` AS `isActive`, `created_at` AS `createdAt`, `updated_at` AS `updatedAt` FROM `admins` AS `Admin` WHERE `Admin`.`id` = 1;
Executing (default): SELECT `id`, `full_name` AS `fullName`, `phone`, `email`, `customer_code` AS `customerCode`, `password_hash` AS `passwordHash`, `preferred_barber_id` AS `preferredBarberId`, `favorite_service_id` AS `favoriteServiceId`, `avatar_url` AS `avatarUrl`, `reminder_opt_in` AS `reminderOptIn`, `is_active` AS `isActive`, `last_login_at` AS `lastLoginAt`, `created_at` AS `createdAt`, `updated_at` AS `updatedAt` FROM `customers` AS `Customer` WHERE `Customer`.`id` = 1;
Executing (default): SELECT count(DISTINCT(`Payment`.`id`)) AS `count` FROM `payments` AS `Payment` LEFT OUTER JOIN `appointments` AS `appointment` ON `Payment`.`appointment_id` = `appointment`.`id` LEFT OUTER JOIN `services` AS `appointment->service` ON `appointment`.`service_id` = `appointment->service`.`id` LEFT OUTER JOIN `barbers` AS `appointment->barber` ON `appointment`.`barber_id` = `appointment->barber`.`id`;
Executing (default): SELECT `Payment`.`id`, `Payment`.`appointment_id` AS `appointmentId`, `Payment`.`customer_id` AS `customerId`, `Payment`.`amount`, `Payment`.`payment_method` AS `paymentMethod`, `Payment`.`transaction_reference` AS `transactionReference`, `Payment`.`payment_date` AS `paymentDate`, `Payment`.`receipt_url` AS `receiptUrl`, `Payment`.`receipt_public_id` AS `receiptPublicId`, `Payment`.`provider_ref` AS `providerRef`, `Payment`.`note`, `Payment`.`status`, `Payment`.`rejection_reason` AS `rejectionReason`, `Payment`.`verified_by` AS `verifiedBy`, `Payment`.`verified_at` AS `verifiedAt`, `Payment`.`access_token` AS `accessToken`, `Payment`.`created_at` AS `createdAt`, `Payment`.`updated_at` AS `updatedAt`, `appointment`.`id` AS `appointment.id`, `appointment`.`reference_code` AS `appointment.referenceCode`, `appointment`.`customer_name` AS `appointment.customerName`, `appointment`.`customer_phone` AS `appointment.customerPhone`, `appointment`.`customer_email` AS `appointment.customerEmail`, `appointment`.`customer_id` AS `appointment.customerId`, `appointment`.`service_id` AS `appointment.serviceId`, `appointment`.`barber_id` AS `appointment.barberId`, `appointment`.`appointment_date` AS `appointment.appointmentDate`, `appointment`.`appointment_time` AS `appointment.appointmentTime`, `appointment`.`total_amount` AS `appointment.totalAmount`, `appointment`.`notes` AS `appointment.notes`, `appointment`.`service_started_at` AS `appointment.serviceStartedAt`, `appointment`.`completed_at` AS `appointment.completedAt`, `appointment`.`cancelled_at` AS `appointment.cancelledAt`, `appointment`.`cancellation_reason` AS `appointment.cancellationReason`, `appointment`.`cancelled_by` AS `appointment.cancelledBy`, `appointment`.`status` AS `appointment.status`, `appointment`.`created_at` AS `appointment.createdAt`, `appointment`.`updated_at` AS `appointment.updatedAt`, `appointment->service`.`id` AS `appointment.service.id`, `appointment->service`.`name` AS `appointment.service.name`, `appointment->service`.`slug` AS `appointment.service.slug`, `appointment->service`.`description` AS `appointment.service.description`, `appointment->service`.`price` AS `appointment.service.price`, `appointment->service`.`duration` AS `appointment.service.duration`, `appointment->service`.`image` AS `appointment.service.image`, `appointment->service`.`category` AS `appointment.service.category`, `appointment->service`.`is_active` AS `appointment.service.isActive`, `appointment->service`.`created_at` AS `appointment.service.createdAt`, `appointment->service`.`updated_at` AS `appointment.service.updatedAt`, `appointment->barber`.`id` AS `appointment.barber.id`, `appointment->barber`.`name` AS `appointment.barber.name`, `appointment->barber`.`slug` AS `appointment.barber.slug`, `appointment->barber`.`image` AS `appointment.barber.image`, `appointment->barber`.`phone` AS `appointment.barber.phone`, `appointment->barber`.`email` AS `appointment.barber.email`, `appointment->barber`.`specialty` AS `appointment.barber.specialty`, `appointment->barber`.`biography` AS `appointment.barber.biography`, `appointment->barber`.`experience` AS `appointment.barber.experience`, `appointment->barber`.`rating` AS `appointment.barber.rating`, `appointment->barber`.`is_active` AS `appointment.barber.isActive`, `appointment->barber`.`created_at` AS `appointment.barber.createdAt`, `appointment->barber`.`updated_at` AS `appointment.barber.updatedAt` FROM `payments` AS `Payment` LEFT OUTER JOIN `appointments` AS `appointment` ON `Payment`.`appointment_id` = `appointment`.`id` LEFT OUTER JOIN `services` AS `appointment->service` ON `appointment`.`service_id` = `appointment->service`.`id` LEFT OUTER JOIN `barbers` AS `appointment->barber` ON `appointment`.`barber_id` = `appointment->barber`.`id` ORDER BY `createdAt` DESC LIMIT 0, 15;
[0mGET /api/account/me [36m304[0m 12.887 ms - -[0m
[0mGET /api/admin/payments?page=1&perPage=15 [36m304[0m 19.529 ms - -[0m
Executing (default): SELECT `id`, `full_name` AS `fullName`, `phone`, `email`, `customer_code` AS `customerCode`, `password_hash` AS `passwordHash`, `preferred_barber_id` AS `preferredBarberId`, `favorite_service_id` AS `favoriteServiceId`, `avatar_url` AS `avatarUrl`, `reminder_opt_in` AS `reminderOptIn`, `is_active` AS `isActive`, `last_login_at` AS `lastLoginAt`, `created_at` AS `createdAt`, `updated_at` AS `updatedAt` FROM `customers` AS `Customer` WHERE `Customer`.`id` = 1;
[0mGET /api/account/me [36m304[0m 2.762 ms - -[0m
Executing (default): SELECT `id`, `name`, `email`, `password`, `role`, `is_active` AS `isActive`, `created_at` AS `createdAt`, `updated_at` AS `updatedAt` FROM `admins` AS `Admin` WHERE `Admin`.`id` = 1;
Executing (default): SELECT count(DISTINCT(`Payment`.`id`)) AS `count` FROM `payments` AS `Payment` LEFT OUTER JOIN `appointments` AS `appointment` ON `Payment`.`appointment_id` = `appointment`.`id` LEFT OUTER JOIN `services` AS `appointment->service` ON `appointment`.`service_id` = `appointment->service`.`id` LEFT OUTER JOIN `barbers` AS `appointment->barber` ON `appointment`.`barber_id` = `appointment->barber`.`id`;
Executing (default): SELECT `Payment`.`id`, `Payment`.`appointment_id` AS `appointmentId`, `Payment`.`customer_id` AS `customerId`, `Payment`.`amount`, `Payment`.`payment_method` AS `paymentMethod`, `Payment`.`transaction_reference` AS `transactionReference`, `Payment`.`payment_date` AS `paymentDate`, `Payment`.`receipt_url` AS `receiptUrl`, `Payment`.`receipt_public_id` AS `receiptPublicId`, `Payment`.`provider_ref` AS `providerRef`, `Payment`.`note`, `Payment`.`status`, `Payment`.`rejection_reason` AS `rejectionReason`, `Payment`.`verified_by` AS `verifiedBy`, `Payment`.`verified_at` AS `verifiedAt`, `Payment`.`access_token` AS `accessToken`, `Payment`.`created_at` AS `createdAt`, `Payment`.`updated_at` AS `updatedAt`, `appointment`.`id` AS `appointment.id`, `appointment`.`reference_code` AS `appointment.referenceCode`, `appointment`.`customer_name` AS `appointment.customerName`, `appointment`.`customer_phone` AS `appointment.customerPhone`, `appointment`.`customer_email` AS `appointment.customerEmail`, `appointment`.`customer_id` AS `appointment.customerId`, `appointment`.`service_id` AS `appointment.serviceId`, `appointment`.`barber_id` AS `appointment.barberId`, `appointment`.`appointment_date` AS `appointment.appointmentDate`, `appointment`.`appointment_time` AS `appointment.appointmentTime`, `appointment`.`total_amount` AS `appointment.totalAmount`, `appointment`.`notes` AS `appointment.notes`, `appointment`.`service_started_at` AS `appointment.serviceStartedAt`, `appointment`.`completed_at` AS `appointment.completedAt`, `appointment`.`cancelled_at` AS `appointment.cancelledAt`, `appointment`.`cancellation_reason` AS `appointment.cancellationReason`, `appointment`.`cancelled_by` AS `appointment.cancelledBy`, `appointment`.`status` AS `appointment.status`, `appointment`.`created_at` AS `appointment.createdAt`, `appointment`.`updated_at` AS `appointment.updatedAt`, `appointment->service`.`id` AS `appointment.service.id`, `appointment->service`.`name` AS `appointment.service.name`, `appointment->service`.`slug` AS `appointment.service.slug`, `appointment->service`.`description` AS `appointment.service.description`, `appointment->service`.`price` AS `appointment.service.price`, `appointment->service`.`duration` AS `appointment.service.duration`, `appointment->service`.`image` AS `appointment.service.image`, `appointment->service`.`category` AS `appointment.service.category`, `appointment->service`.`is_active` AS `appointment.service.isActive`, `appointment->service`.`created_at` AS `appointment.service.createdAt`, `appointment->service`.`updated_at` AS `appointment.service.updatedAt`, `appointment->barber`.`id` AS `appointment.barber.id`, `appointment->barber`.`name` AS `appointment.barber.name`, `appointment->barber`.`slug` AS `appointment.barber.slug`, `appointment->barber`.`image` AS `appointment.barber.image`, `appointment->barber`.`phone` AS `appointment.barber.phone`, `appointment->barber`.`email` AS `appointment.barber.email`, `appointment->barber`.`specialty` AS `appointment.barber.specialty`, `appointment->barber`.`biography` AS `appointment.barber.biography`, `appointment->barber`.`experience` AS `appointment.barber.experience`, `appointment->barber`.`rating` AS `appointment.barber.rating`, `appointment->barber`.`is_active` AS `appointment.barber.isActive`, `appointment->barber`.`created_at` AS `appointment.barber.createdAt`, `appointment->barber`.`updated_at` AS `appointment.barber.updatedAt` FROM `payments` AS `Payment` LEFT OUTER JOIN `appointments` AS `appointment` ON `Payment`.`appointment_id` = `appointment`.`id` LEFT OUTER JOIN `services` AS `appointment->service` ON `appointment`.`service_id` = `appointment->service`.`id` LEFT OUTER JOIN `barbers` AS `appointment->barber` ON `appointment`.`barber_id` = `appointment->barber`.`id` ORDER BY `createdAt` DESC LIMIT 0, 15;
[0mGET /api/admin/payments?page=1&perPage=15 [36m304[0m 8.208 ms - -[0m
Executing (default): SELECT count(`Gallery`.`id`) AS `count` FROM `gallery` AS `Gallery` LEFT OUTER JOIN `barbers` AS `barber` ON `Gallery`.`barber_id` = `barber`.`id`;
Executing (default): SELECT `Gallery`.`id`, `Gallery`.`title`, `Gallery`.`image`, `Gallery`.`category`, `Gallery`.`barber_id` AS `barberId`, `Gallery`.`created_at` AS `createdAt`, `Gallery`.`updated_at` AS `updatedAt`, `barber`.`id` AS `barber.id`, `barber`.`name` AS `barber.name` FROM `gallery` AS `Gallery` LEFT OUTER JOIN `barbers` AS `barber` ON `Gallery`.`barber_id` = `barber`.`id` ORDER BY `createdAt` DESC LIMIT 0, 100;
Executing (default): SELECT count(*) AS `count` FROM `reviews` AS `Review` WHERE `Review`.`status` = 'APPROVED';
Executing (default): SELECT `id`, `customer_name` AS `customerName`, `customer_phone` AS `customerPhone`, `customer_email` AS `customerEmail`, `customer_image` AS `customerImage`, `service_id` AS `serviceId`, `service_name` AS `serviceName`, `rating`, `comment`, `status`, `is_approved` AS `isApproved`, `created_at` AS `createdAt`, `updated_at` AS `updatedAt` FROM `reviews` AS `Review` WHERE `Review`.`status` = 'APPROVED' ORDER BY `createdAt` DESC LIMIT 0, 100;
[0mGET /api/gallery?page=1&perPage=100 [36m304[0m 8.148 ms - -[0m
[0mGET /api/reviews?approved=true&page=1&perPage=100 [36m304[0m 7.802 ms - -[0m
Executing (default): SELECT count(`Gallery`.`id`) AS `count` FROM `gallery` AS `Gallery` LEFT OUTER JOIN `barbers` AS `barber` ON `Gallery`.`barber_id` = `barber`.`id`;
Executing (default): SELECT `Gallery`.`id`, `Gallery`.`title`, `Gallery`.`image`, `Gallery`.`category`, `Gallery`.`barber_id` AS `barberId`, `Gallery`.`created_at` AS `createdAt`, `Gallery`.`updated_at` AS `updatedAt`, `barber`.`id` AS `barber.id`, `barber`.`name` AS `barber.name` FROM `gallery` AS `Gallery` LEFT OUTER JOIN `barbers` AS `barber` ON `Gallery`.`barber_id` = `barber`.`id` ORDER BY `createdAt` DESC LIMIT 0, 100;
Executing (default): SELECT count(*) AS `count` FROM `reviews` AS `Review` WHERE `Review`.`status` = 'APPROVED';
Executing (default): SELECT `id`, `customer_name` AS `customerName`, `customer_phone` AS `customerPhone`, `customer_email` AS `customerEmail`, `customer_image` AS `customerImage`, `service_id` AS `serviceId`, `service_name` AS `serviceName`, `rating`, `comment`, `status`, `is_approved` AS `isApproved`, `created_at` AS `createdAt`, `updated_at` AS `updatedAt` FROM `reviews` AS `Review` WHERE `Review`.`status` = 'APPROVED' ORDER BY `createdAt` DESC LIMIT 0, 100;
[0mGET /api/gallery?page=1&perPage=100 [36m304[0m 6.959 ms - -[0m
[0mGET /api/reviews?approved=true&page=1&perPage=100 [36m304[0m 4.606 ms - -[0m
